"Nummer","Bezeich","GatterDefine","CSharpTyp","LenMax","NachkDef","Typ","Match","Hilfe"
"0","Gewichtssumme_brutto_Zugang","ID_GEWICHTBRUTTO_ZUG","double","20","2","0","gewichtbrutto_zug",""
"1","Festtext","ID_FESTTEXT","string","255","0","1","festtext","Fester Text"
"2","SQL Statement","ID_SQL","string","4096","0","2","ID_SQL",""
"3","Text-Variable","ID_VARTEXT","string","256","0","0","VarText",""
"4","Zahl-Variable","ID_VARNUM","double","16","2","3","VarNum",""
"5","Datum-Variable","ID_VARDAT","DateTime","10","0","0","VARDAT",""
"6","Adress-Variable","ID_VARADR","void","132","0","5","VARADR",""
"7","SQL Zugriff auf Daten","ID_SQLK","string","255","2","0","SQL",""
"8","Bemerkungstext-Variable","ID_VARBEMERK","void","255","0","5","VARBEMERK",""
"9","SQL-Variable","ID_VARSQL","string","255","0","0","SQLVar",""
"10","Blattnummer","ID_IT_SEITE","int","8","0","4","ID_BLATT",""
"11","Tagesdatum","ID_IT_TAGESDATUM","DateTime","10","0","4","Tagesdatum",""
"12","Direktory für Crystal Report Dateien","ID_REPORTDIR","string","64","0","0","ID_REPORTDIR",""
"13","Kurzname des Bedieners","ID_BEDIENERKURZ","string","20","0","0","ID_BEDIENERKURZ",""
"14","Id des Bedieners","ID_BEDIENERID","int","8","0","3","ID_BEDIENERID",""
"15","Klasse des Bedieners","ID_BEDIENERKLASSE","int","8","2","3","ID_BEDIENERKLASSE",""
"16","Mandantenkennung","ID_MANDANT","string","10","0","0","ID_MANDANT",""
"17","Sprachkodierung","ID_SPRACHE","int","3","0","3","ID_SPRACHE",""
"18","Verpackungsbezeichnung","ID_GEFAHR_VERPBEZ","string","40","0","0","VerpBez","Verpackungsbezeichnung"
"19","Bezugsgroesse","ID_GEFAHR_BEZUGSGROESSE","double","12","2","3","BezugsGroesse",""
"20","Makro Prozedur ausführen","ID_MACRO_PROC","void","255","0","0","PROC","Ausgabe durch Makro ermitteln"
"21","Spaltenberechnung per Makro","ID_MAKRO_COLUMN","void","128","0","0","ID_MAKRO_COLUMN","wird nur intern von der Formularsteuerung benutzt"
"22","Bitmap aus Datei/Archiv","ID_BITMAP_FILE","void","255","0","0","Bitmap File/Archiv","Name einer BMP-Datei/Archiv-Referenz"
"23","Bezugstyp","ID_GEFAHR_BEZUGSTYP","int","8","0","0","BezugsTyp",""
"24","Kategoriefaktor","ID_GEFAHR_KATEGORIEFAKTOR","int","8","0","0","KategorieFaktor",""
"25","Kategoriegrenzmenge","ID_GEFAHR_KATEGORIEGRENZMENGE","int","8","0","0","KategorieGrenzMenge",""
"26","Verpackungsanzahl","ID_GEFAHR_VERPANZAHL","double","12","2","3","VerpackungsAnzahl",""
"27","Verpackungscode","ID_GEFAHR_VERPCODE","string","40","0","0","VerpackungsCode",""
"28","Verpackungscode 2","ID_GEFAHR_VERPCODE2","string","40","0","0","Verpackungscode2",""
"29","VerpackungsRN","ID_GEFAHR_VERPRN","string","40","0","0","VerpackungsRN",""
"30","Verpackungstyp","ID_GEFAHR_VERPTYP","string","40","0","0","VerpackungsTyp",""
"31","Verpackungswertstoff","ID_GEFAHR_VERPWERTSTOFF","string","40","0","0","VerpackungsWertStoff",""
"32","Ziffer","ID_GEFAHR_ZIFFER","string","40","0","0","Ziffer",""
"33","Statusmerker für interne Zwecke","ID_STATUS","int","2","0","0","status",""
"34","Zentral bzw. Buchwährung","ID_IT_BUCHWAEHRUNG","void","4","0","4","BUCHWAEHRUNG","Zentral bzw. Buchwährung"
"35","Buchwährung in Textformat","ID_IT_BUCHWAEHRUNGTEXT","void","4","0","4","BuchwaehrungText","Buchwährung in Textformat"
"36","JVars-Text-Variable","ID_JVARSTEXT","string","256","0","0","JVarsText",""
"37","JVars-Zahl-Variable","ID_JVARSNUM","double","16","2","3","JVarsNum",""
"38","Anzahl Produktionen","ID_PRODANZAHL","int","16","0","3","ProdAnzahl",""
"39","Signatur","ID_SIGNATUR","string","255","0","0","Signatur",""
"40","Textdokument","ID_FESTTEXTWORD","void","255","0","0","Textdokument",""
"41","Bitmap aus LiLa","ID_BITMAP_LILA","void","255","0","0","Bitmap LiLa","Bitmap aus LILA"
"42","Formularnummer Vorgang","ID_FORMULARIDVORGANG","int","8","0","3","Formularnummer Vorg.",""
"43","Formularbezeichnung","ID_FORMULARID_BEZEICH","string","40","0","0","Formularbezeichnung",""
"44","Datenbankprozedur mit Resultset","ID_DB_PROC","","255","0","0","ID_DB_PROC",""
"45","EPC-QR-CODE","ID_EPC_QR_CODE","void","255","0","0","EPC-QR-CODE","EPC-QR-CODE per LILA"
"46","TSE_QR_CODE","ID_TSE_QR_CODE","void","255","0","0","TSE_QR_CODE","TSE QR CODE für Lila"
"50","Gänsefüßchen","ID_GAENSEFUESSCHEN","void","1","0","0","gaensefuss","ASCII SH-2"
"51","einfache Linie","ID_EINFACH_LINIE","void","255","0","0","Linie","einfache Linie speziell für Windows+ASCII"
"52","doppelte Linie","ID_DOPPEL_LINIE","void","255","0","0","Doppellinie","Doppelte Linie für Windows + ASCII Druck"
"53","einfache Linie 2","ID_EINFACH_LINIE2","void","255","0","0","einf linie 2",""
"54","doppelte Linie 2","ID_DOPPEL_LINIE2","void","255","0","0","dopp linie 2",""
"55","Druckfeld","ID_DRUCKFELD","string","255","0","0","Druckfeld",""
"56","Teilbereich bewegen","ID_FRM_ZIEL_KOPIE","","0","0","1","Teilbereich bewegen",""
"60","Verpackungsgruppe Gefahrgut","ID_GEFAHR_VERPGRUPPE","string","8","0","0","Verpackungsgruppe",""
"61","Gefahrzettel Gefahrgut","ID_GEFAHR_GEFAHRZETTEL","string","80","0","0","Gefahrzettel",""
"62","Tunnelbeschränkungscode","ID_GEFAHR_TUNNELCODE","string","40","0","0","Tunnelcode",""
"63","Ist das Gefahrgut mit Wasser löschbar?","ID_GEFAHR_LOESCHWASSER","","2","0","0","Löschbar",""
"64","Ist das Gefahrgut mit Schaum löschbar?","ID_GEFAHR_LOESCHSCHAUM","","2","0","0","Löschbar",""
"65","Ist das Gefahrgut mit CO2 löschbar?","ID_GEFAHR_LOESCHCO2","","2","0","0","Löschbar",""
"66","Ist das Gefahrgut mit Pulver Löschbar?","ID_GEFAHR_LOESCHPULVER","","2","0","0","Löschbar",""
"67","Passende Signatur zum Beleg","ID_BITMAP_SIGNATUR","void","0","0","0","ID_BITMAP_SIGNATUR","Passende Signatur zum Beleg"
"100","Klassennummer","ID_V_KLASSNUMMER","int","8","0","3","Klassennummer",""
"101","Unterklassennummer","ID_V_UKLASSNUMMER","short","8","0","0","Unterklasse",""
"102","Kunden ID zum Vorgang","ID_KUNDIDZUORD","int","8","0","0","KundIdZuordn",""
"103","Vorgangsdatum","ID_V_DATUM","DateTime","10","0","0","Vorgangsdatum",""
"104","Vorgangsnummer","ID_V_NUMMER","string","20","0","0","Vorgangsnummer",""
"105","Nummern aus dem Nummernkreis","ID_V_NUMNUMMER","int","8","0","3","NumNummer",""
"106","Kundennummer","ID_KUNDNUMMER","int","8","0","3","KundNummer",""
"107","Hauptadresse","ID_HAUPTADRESSID","int","132","1","5","Hauptadresse","Länge des Adressblockes"
"108","Versandadresse oder Hauptadresse","ID_VERSANDADRESSID","int","132","1","5","versadressid","Länge des Adressblockes"
"109","Vorgangs ID","ID_V_ID","int","12","0","3","V_ID",""
"110","Wiegeschein-Nummer","ID_V_WIEGENUMMER","int","20","0","0","v_wiegenummer",""
"111","Anzahl manuelle Steuerbeträge","ID_MANUELLE_STEUER","int","4","0","3","manuelle_steuer","NUR ZUM INTERNEN GEBRAUCH!"
"112","Datum der Steuersatzermittlung","ID_V_DATUM_STEUER","DateTime","10","0","0","v_datum_steuer",""
"113","Textdokument","ID_KUNDID_NACKT","int","10","0","3","Textdokument",""
"114","Vorgangs-Unternummer","ID_V_UNTERNUMMER","int","4","0","3","v_unternummer",""
"115","Externe Kundennummer","ID_KUNDEXTNUMMER","string","30","0","0","KundExtNummer",""
"116","Einkommensteuernummer des Kunden","ID_EINKOMMENSTEUERNUMMER","string","40","0","0","EINKOMMENSTEUERNR",""
"117","Dauerauftrag Anfangsdatum","ID_DAUER_ANFDAT","DateTime","10","0","0","DauerAnfang",""
"118","Dauerauftrag nächster Termin","ID_DAUER_NAEDAT","DateTime","10","0","0","Dauer Nächats Dat",""
"119","Dauerauftrag Periode","ID_DAUER_PERIODE","int","3","0","3","Dauerauftrga periode",""
"120","Dauerauftrag Gültigkeit","ID_DAUER_GUELTIG","DateTime","40","0","0","Dauer Gültigkeit",""
"121","Hoflisten ID","ID_OWAAGE_ID","int","10","0","0","owaage_id","Die ID des Wiegeeintrages in der Hofliste"
"122","Dauerauftrag Enddatum","ID_DAUER_ENDDAT","","10","0","0","DauerEnde",""
"125","Kassen-Vorgangs-Kennzeichen","ID_KASSENVORGANG","short","8","0","3","Kasse","größer 0 bei Kassenvorgängen"
"140","Valid-Kennzeichen","ID_VALID","int","1","0","0","Validkennzeichen","z.B. Valid-Kennzeichen 0 bzw. 1 für Vorgang"
"150","Sperre gegen Umwandlung","ID_SPERRUMWANDLUNG","short","4","0","3","sperrumwandlung",""
"160","Währungsumrechnungsfeld SQL","ID_WAEHRUMRECHNUNG","double","14","4","3","waehrumrechnung","Internes Umrechnungsfeld für SQL Statements"
"161","Waherungsumrechnungsfeld f. Preis","ID_WAEHRUMRECHNUNG_PREIS","double","14","4","3","waehrumrechnung_pr","Internes Umrechenfeld für SQL Boxes"
"170","Nettowiegung","ID_NETTOWIEGUNG","double","12","4","3","Nettowiegung",""
"171","Wiegung1","ID_WIEGUNG1","string","70","0","0","Wiegung1",""
"172","Wiegung2","ID_WIEGUNG2","string","70","0","0","Wiegung2",""
"173","Speditionsadresse","ID_SPEDITIONSADRESSE","void","132","1","5","Speditionsadresse","Länge des Adressblockes"
"174","AddOnId","ID_ADDON_ID","int","12","0","3","AddOnId",""
"175","EDI Kunden Auftragsdatum","ID_EDI_KU_AUFTRAGS_DATUM","DateTime","10","0","0","Ku Auftrag Datum",""
"176","EDI Kunden Auftragsnummer","ID_EDI_KU_AUFTRAGS_NUMMER","string","17","0","0","Ku Auftrag Nummer",""
"177","1teWZeit","ID_1TEWZEIT","string","25","0","0","1teWZeit",""
"178","2teWZeit","ID_2TEWZEIT","string","25","0","0","2teWZeit",""
"180","Vorgangstext (Kopf/Fuß)","ID_VORGTEXT","string","255","0","0","vorgtext","Switch = Textklasse"
"181","Vorgangstextklasse","ID_VORGTXKLASSE","string","40","0","0","vorgtxklasse","Switch = Textklasse"
"182","Vorgangstextklasse (Bezeichnung)","ID_VORGTXKLBEZEICH","string","40","0","0","vorgtxklbezeich","Switch = Textklasse"
"183","Vorgangstextgruppe (Textnummer)","ID_VORGTXGRUPPE","int","8","0","3","vorgtxgruppe",""
"184","Vorgangstextgruppe (int.Verweis!)","ID_VORGTXGRID","int","8","0","3","vorgtxgrid","NICHT für Formulareinrichtung!"
"185","Vorgangstext-Auflösungs-Kennzeichen","ID_VORGTXGRAUFLKENNZ","int","1","0","3","vorgtxgrauflkenn","NICHT für Formulareinrichtung!"
"186","Vorgangstext-Bemerkungs-Verweis","ID_VTEXT_BEMERKID","int","10","0","3","vtext_bemerkid","NICHT für Formulareinrichtung!"
"187","Maximale Vorgangsstufe für Texte","ID_VORGTXGRMAXSTUFE","int","1","0","3","vorgtxgrmaxstufe","nicht zum Einrichten!"
"188","Anzahl vorh. Vorgangstexte","ID_VTEXT_ANZAHL","int","4","0","3","vtext_anzahl","NICHT EINRICHTBAR!"
"189","Vorgangstext","ID_VTEXT_TEXT","string","255","0","0","vtext_text","NICHT FÜR DRUCKEINRICHTUNG!"
"190","Vorgangstext-Bezeichnung","ID_VORGTXGRBEZEICH","string","40","0","0","vorgtxgrbezeich","NICHT FÜR DRUCKEINRICHTUNG!"
"191","Vorgangstexte bereits aufgelöst?","ID_VTEXT_FERTIG","int","1","0","3","vtext_fertig","NICHT FÜR DRUCKEINRICHTUNG!"
"192","Vorgangstext-Auflösung erfolgt?","ID_TEXTE_AUFGELOEST","int","1","0","3","texte_aufgeloest","NUR INTERN!"
"193","Maximale Vorgangsstufe","ID_MAX_STUFE","int","1","0","3","max_stufe","NUR INTERN!!!"
"194","Faxnummer aus Hauptanschrift","ID_FAXNUMMER_HA","string","40","0","0","faxnummer",""
"195","AdressId des Rechnungempfängers","ID_ADRESSIDRECHN","int","10","0","0","id_rechn",""
"196","Adressid des Zahlungspflichtgen","ID_ADRESSIDFINANZ","int","10","0","0","AdressidFinanz",""
"201","Zahlart Kassenbeleg","ID_KASSE_ZAHLART","string","16","0","0","Kasse_Zahlart",""
"202","Zahlart Betrag","ID_KASSE_ZAHLARTBETRAG","double","16","2","3","Kasse Zahlartbetrag",""
"203","Zahlbetrag gesamt Kasse","ID_KASSE_ZAHLBETRAG","double","16","2","3","Kasse Zahlbetrag",""
"204","Skontobetrag Kasse","ID_KASSE_SKONTOBETRAG","double","16","2","3","Kasse Skontobetrag",""
"205","Kasse Rückgeld","ID_KASSE_RUECKGELD","double","16","2","3","Kasse_Rueckgeld",""
"206","Kassenzahlwährung","ID_KASSE_ZAHLWAEHRTEXT","string","20","0","0","KASSE_ZAHLWAEHRUNG",""
"210","Rückgeld des letzten Kassenvorgangs","ID_KASSE_RUECK_LETZTER","double","12","2","3","Kasse_Rueck_letzter",""
"211","gezahlter Betrag des letzten Kunden (KS)","ID_KASSE_ZAHLBETRAG_LETZTER","double","12","2","3","Kasse_ZBetrag_letzte",""
"212","Betrag des letzten Kassenvorgangs","ID_KASSE_BETRAG_LETZTER","double","12","2","3","Kasse_Betrag_Letzter",""
"400","Merker für WaBewZusatz","ID_WABEW_ZUSATZ","int","0","0","3","BABEWZUSATZ",""
"401","automatische EK-Preis Maske im VK","ID_VKPBEWMSKAUT","short","0","0","0","VKPBEWAUTO",""
"402","Zuabschlag korrigiert durch Bediener","ID_ZUAB_KORR_BEDIENER","string","20","0","0","ZuabKorrBediener","Bedienerkurztext, der hier korrigiert hat"
"403","ZuAbschlags Korrekturkennzeichen","ID_ZUAB_KORR_KENNZ","int","5","0","3","ZUABKorrKennz","0/1 kennzeichen der Korrektur"
"404","Einzelzeilen auf Kokore unterdrücken","ID_KENNZ_DRUCK_KOKORE","int","6","0","3","ID_KENNZ_DRUCK_KOKOR",""
"405","SummeGebindeErgebnis 1","ID_SUM_GEBINDE_ERG1","double","15","2","3","SummeGebindeErge1",""
"406","SummeGebindeErgebnis 2","ID_SUM_GEBINDE_ERG2","double","15","2","3","SummeGebindeErge1",""
"411","RFS-DTA Laufnummer","ID_RFS_LAUFNUMMER","int","9","0","3","RFS Laufnummer",""
"412","RFS_DTA Erstelldatum","ID_RFS_ERSTELLDATUM","DateTime","10","0","0","RFS_Erstelldatum",""
"413","RFS-Fällig","ID_RFS_FAELLIG","DateTime","10","0","0","RFS fällig",""
"414","RFS Valuta Datum","ID_RFS_VALUTA_DATUM","DateTime","10","0","0","RFS Valuta",""
"415","RFS-Konto","ID_RFS_KONTO","string","10","0","0","RFS-Konto",""
"416","RFS Sammelbuch.KZ (*)","ID_RFS_SAMMELBUCH_KZ","string","10","0","0","RFS KZ Sammelbuchung",""
"417","RFS Verwendungszweck","ID_RFS_VERWENDUNG","string","60","0","0","RFS Verwendung",""
"418","RFS GutschriftsBetrag","ID_RFS_GUTSCHRIFT","double","12","2","3","RFS Gutschrift",""
"419","RFS Lastschriftsbetrag","ID_RFS_LASTSCHRIFT","double","12","2","3","RFS Lastschrift",""
"420","RFS BLZ","ID_RFS_BLZ","string","9","0","0","RFS BLZ",""
"421","RFS Belege Lastschriften","ID_RFS_BELEGE_LASTSCHRIFT","int","9","0","3","RFS Belege LS",""
"422","RFS Belege Gutschriften","ID_RFS_BELEGE_GUTSCHRIFT","int","9","0","3","RFS Belege GS",""
"423","RFS Summe Lastschriften","ID_RFS_SUMME_LASTSCHRIFT","double","12","2","3","RFS Summe LS",""
"424","RFS Summe Gutschriften","ID_RFS_SUMME_GUTSCHRIFT","double","12","2","3","RFS Summe GS",""
"425","Warenbewegung Addon Daten","ID_WARENBEWEGUNG_ADDON","string","255","0","0","WabewAddon",""
"426","Rückliferungskennzeich bei Teilumwandlun","ID_RUECKLIEFERUNGS_KZ","short","0","0","0","Rücklieferungskz",""
"427","Abweichende Rohware Sorte","ID_ABW_ROHW_SORTE","int","10","0","0","Abweichen Rohw Sorte",""
"428","Kundnummer abweichender Rohware Kunde","ID_ABW_ROHW_KUNDNUMMER","int","10","0","0","abweichender",""
"429","Kundid abweichender Rohwaren Kunde","ID_ABW_ROHW_KUNDID","int","0","0","0","Kundid abw Rohw Kund",""
"430","RohwareVorerfassung","ID_ROHWAREVORERFASSUNG","short","0","0","0","RohwVorerfas",""
"431","Netto ohne Zuab/Rab/Fracht","ID_NETTO_OHNE","double","16","2","3","Netto ohne Zuabs",""
"432","Steuer ohne Zuab/Rab/Fracht","ID_STEUER_OHNE","double","16","2","3","Steuer ohne Zuab",""
"433","Brutto ohne Zuab/Rab/Fracht","ID_BRUTTO_OHNE","double","16","2","3","Brutoo ohnen ZUAB",""
"434","Betrag ohne Zuab/Rab/Fracht","ID_BETRAG_OHNE","double","16","2","3","Betrag ohne ZUab",""
"435","Arbeitsregel","ID_ARBEITSREGEL","int","10","0","3","Arbeitsregel",""
"436","Arbeitsregel Name","ID_ARBEITSREGEL_NAME","string","40","0","0","Arbeitsregel Name",""
"437","Arbeitsregel Kurzname","ID_ARBEITSREGEL_KURZNAME","string","10","0","0","Arbeitsregel Kurznam",""
"438","Menge oder Gebindeanzahl","ID_MENGE_ODER_GEBINDE","double","15","2","0","Gebinde oder Menge",""
"439","Skontobetrag pro Steuer","ID_SKONTO_PRO_STEUER","double","20","2","3","Skonto_Steuer",""
"440","Kostenträger Nummer","ID_KSTRNUMMER","int","10","0","3","Kostenträger",""
"441","Kostenträgergruppe","ID_KSTRGRUPPE","string","10","0","0","Kostenträegergruppe",""
"442","SteuerText","ID_STEUERTEXT","string","80","0","0","Steuertext",""
"443","Zugriff auf Partiestammdaten","ID_PARTIE_STAMMDATEN","string","255","0","0","PartieStammDaten","Zugriff über den Feldname aus dem text"
"444","Zugriff PartieAddon","ID_PARTIE_ADDON","string","255","0","0","Partie Addon","DB-Spaltennamen aus Text"
"445","Zugriff auf PartieMaskeDaten","ID_PARTIE_MASKEDATEN","DateTime","255","0","0","Partie Maskedaten","DB-Saltennamen aus Text"
"448","Kostenobjektgruppe","ID_KSOBJGRUPPE","int","10","0","0","Kostenobjekt",""
"449","Kostenobjektnummer","ID_KSOBJNUMMER","int","10","0","0","Kostenobjekt",""
"450","Abweichende Lagernummer erlaubt RW-Wandl","ID_ABW_ROHW_LAGERKENNZID","int","0","0","0","Abw Lager RW-Wandlun",""
"451","Abweichende Lagernummer RW-Wanlung","ID_ABW_ROHW_LAGERID","int","10","0","0","Abw Lager RW-Wandlun",""
"452","Abw. Lagerplatz bei RW-Wandlung","ID_ABW_ROHW_LAGERPLZID","int","10","0","0","Abw Lager RW-Wandlun",""
"453","Zugriff auf OWAAGE Daten","ID_WAAGE_DATEN","string","255","0","0","WAAGE Daten",""
"454","Zugriff auf OWAAGEADDON Daten","ID_WAAGEADDON_DATEN","string","255","0","0","WAAGE ADDON",""
"455","Bruttopreis","ID_BRUTTO_PREIS","double","20","2","3","Bruttopreis",""
"456","Transportweg","ID_TRANSPORTWEG","int","9","0","0","Transportweg",""
"457","Verfahrensart","ID_VERFAHRENSART","int","9","0","0","Verfahrensart",""
"458","Geschäftsart","ID_GESCHAEFTSART","int","9","0","0","Geschäftsart",""
"459","Textdokument","ID_TEXTBLOB","int","255","0","0","TextBlob",""
"460","Original Menge","ID_WABEWORIMENGE","double","0","0","3","Orimenge",""
"461","Textdokument Artikel als Anhang","ID_TEXTDOKUMENT_ARTIKEL","string","255","0","0","TextDokument",""
"462","Normaltext oder Textdokument","ID_TEXT_ODER_DOKUMENT","void","255","0","0","Dok oder Text",""
"463","SQL STatement für text Dokumnet","ID_SQL_TEXT_DOKUMENT","string","0","0","0","DQl für Textdokument","wid nur intern benutzt, keine Druckposition !"
"464","Textdokument in Artikel-Position","ID_TEXTDOK_ARTIKEL_INPOS","string","255","0","0","TxtDok in Pos",""
"465","MarkierungsIdentifikation","ID_MARKIERIDENT","int","10","0","0","MarkierIdent",""
"466","KontraktZuordnungsTyp intern","ID_KTR_ZUORDNUNG_INTERN","int","5","0","0","Kontrakt Zuordnung",""
"467","Zugriff auf Partie Lagerplatzdaten","ID_LAGERPLATZORT","string","255","0","0","Partie Lagerplatz","DB-Spaltennamen aus View amic_v_lagerplatzort"
"468","Zugriff auf Partie Quelllagerplatzdaten","ID_QUELLLAGERPLATZ","string","255","0","0","Partie Quelllagerpla","DB-Spaltennamen aus View amic_v_lagerplatzort"
"469","Vorgang in interner Bearbeitung","ID_SV_INTERFACE","int","5","0","0","SV_Interface",""
"470","Herkunft-Ziel/Staat","ID_HERKUNFTZIELLAND","","5","0","0","Herkunft-Ziel/Staat",""
"471","Region","ID_HERKUNFTZIELREGION","","5","0","3","Region",""
"472","Herkunft-Ziel/Staat Bezeichnung","ID_BEZ_HERKUNFTZIELLAND","","5","0","0","Herkunft-Ziel/Staat","Herkunfts Land Bezeichnung"
"473","Region Bezeichnung","ID_BEZ_REGION","","5","0","0","Region","Region Bezeichnung"
"500","Klammernummer","ID_KLAMMERNR","int","15","0","0","Klammernummer",""
"501","Eingangsmappen Id","ID_EINMAPPID","int","10","0","0","Einmappid",""
"502","Klammertyp","ID_KLAMMERTYP","int","15","0","0","Klammertyp",""
"503","Spalte aus einem SQL Ergebnispuffer","ID_SQL_SPALTE","void","255","0","0","SQL_SPALTE",""
"504","Umsatzsteuer-ID des Kunden","ID_USTID_KUNDE","","16","0","0","ID_USTID_KUNDE",""
"505","Umsatzsteuer-ID dieser Firma","ID_USTID_MANDANT","","16","0","0","ID_USTID_MANDANT",""
"506","ZzuAbschlag wirkt auf den Preis","ID_ZUAB_PREISWIRKSAM","int","20","0","3","Zuab preiswirksam",""
"507","Preisänderung durch ZuAbschlag","ID_ZUAB_PREISAENDERUNG","double","20","2","3","Preisänderung",""
"508","EK bei Bewertung nicht berücksichtigen","ID_EK_NICHT_BEWERTEN","","5","0","3","",""
"509","Gewichtsumme Brutto Zugang","ID_GEWICHTSUMME_BRUTTO_ZUG","","20","2","0","gewichtsum_brt_zug",""
"510","Gewichtsumme Brutto Abgang","ID_GEWICHTSUMME_BRUTTO_ABG","","20","2","0","gewichtsum_brt_abg",""
"511","Einlagerung","ID_EINLAGERUNG","int","5","0","0","Einlagerung",""
"512","Einlagerungsabholung","ID_EINLAGERUNGABHOLUNG","","5","0","0","Einlagerun Abholung",""
"513","Einlagerung Vereinnahmung","ID_EINLAGERUNGVEREINNAHMUNG","int","5","0","0","Einlagerung Vereinna",""
"514","Kommission","ID_KOMMISSION","int","5","0","0","Kommission",""
"515","Kommissionsverkauf","ID_KOMMISSIONSVERKAUF","int","5","0","0","Kommissions Verkauf",""
"516","Kommissionsreverse","ID_KOMMISSIONREVERSE","int","5","0","0","Kommission Reverse",""
"517","Vorverkauf","ID_VORVERKAUF","int","5","0","0","Vorverkauf",""
"518","Vorverkauf Abholung","ID_VORVERKAUFABHOLUNG","int","5","0","0","Vorverkauf Abholung",""
"519","Vorverkauf Reverse","ID_VORVERKAUFREVERSE","int","5","0","0","Vorverkauf Reverse",""
"520","Voreinkauf","ID_VOREINKAUF","int","5","0","0","Voreinkauf",""
"521","Voreinkauf Anlieferung","ID_VOREINKAUFANLIEFERUNG","int","5","0","0","Voreinkauf  Anliefer",""
"522","Voreinkauf Reverse","ID_VOREINKAUFREVERSE","int","5","0","0","Voreinkauf Reverse",""
"523","Text für Einlagerung","ID_TEXT_EINLAGERUNG","","80","0","0","Text Einlagerung",""
"524","Text für Einlagerung Abholung","ID_TEXT_EINLAGERUNG_ABHOLUNG","","80","0","0","Text Einlagerung Abh",""
"525","Text für Einlagerung Vereinnahmung","ID_TEXT_EINLAGERUNG_VEREINNAHMUNG","","80","0","0","Einlagerung Vereinna",""
"526","Text für Kommission","ID_TEXT_KOMMISSION","","80","0","0","Text Kommission",""
"527","Text für Kommissionsverkauf","ID_TEXT_KOMMISSION_VERKAUF","","80","0","0","Text Kommissionsverk",""
"528","Text für Kommissionsrücknahme","ID_TEXT_KOMMISSION_REVERSE","","80","0","0","text Kommissions Rüc",""
"530","Text für Vorverkauf","ID_TEXT_VORVERKAUF","","80","0","0","Text Vorverkauf",""
"531","Text für Vorverkauf Abholung","ID_TEXT_VORVERKAUF_ABHOLUNG","","80","0","0","Text Vorverkauf Abh",""
"532","Text für Vorverkauf Rücknahme","ID_TEXT_VORVERKAUF_REVERSE","","80","0","0","Text Vorverkauf Rück",""
"533","Text für Voreinkauf","ID_TEXT_VOREINKAUF","","80","0","0","Text Voreinkauf",""
"534","Text für Voreinkauf Anlieferung","ID_TEXT_VOREINKAUF_ANLIEFERUNG","","80","0","0","Text Voreinkauf Anli",""
"535","Text für Voreinkauf Rücknahme","ID_TEXT_VOREINKAUF_REVERSE","","80","0","0","Text Voreinkauf Rück",""
"536","KtrBuchTyp","ID_KTRBUCHTYP","","0","0","0","",""
"537","Text für Wertartikel","ID_TEXT_WERTARTIKEL","","80","0","0","Text Wertartikel",""
"538","Ist Wertartikel 0/1","ID_ISTWERTARTIKEL","","20","0","3","Ist Wertartikel",""
"540","Kollo Ergebnis","ID_PREISBEZUG","double","20","0","3","KolloErgebnis","Bei Preisbezug (Gesamt Menge/Gewicht) zu Preisermittlung"
"541","Bezeichnung PreisbezugME","ID_PREISBEZUGME_BEZEICH","","20","0","0","Kollo ME Bezeich",""
"542","Preisbezug  manuell erfasst","ID_PREISBEZUG_MANUELL","short","0","0","0","Kollo Manuell erfast","Wurde DAs Kolloergebnis Manuell erfasst"
"543","Menge oder Preisbezug","ID_MENGE_ODER_PREISBEZUG","double","20","2","3","Menge Oder Kollo Erg","Alternativ Menge oder Ergbis der Kolloeingabe"
"544","ME Text oder ME von Kolloergebnis","ID_ME_TEXT_ODER_PREISBEZUG_ME","string","20","0","0","ME_TEXT oder Kollo","alternativ Mengeneinheitsbezeich der Menge oder zum Kollo"
"545","Zugriff Addon Vorgangstamm","ID_VORGANG_ADDON","","255","2","0","Vorgang Addon",""
"546","Skontierfähing ohne Mengennachbehandlung","ID_SKONTIERFAEHIG_NACKT","int","3","0","0","Skontierfähig nackt","nur  für Putvalue in Warenposition"
"547","informelle Anschrift","ID_INFOADRESSID","","0","0","5","InformelleAnschrift",""
"548","PreisBezugsmengeneinheit","ID_PREISBEZUG_ME","","8","0","0","Preisbezug ME",""
"549","Nullpreis Okay","ID_NULLPREIS_OKAY","","20","0","0","",""
"550","Vorläufiger Preis","ID_PREIS_VORLAEUFIG","","20","0","0","",""
"551","Anzahl obskurer Preise","ID_ANZAHLOBSCUREPOS","","20","0","0","",""
"552","Gebinde oder ME Bezeichnung","ID_ME_ODER_GEBINDE_BEZEICHNUNG","","60","0","0","GEBODERMEBEZEICH",""
"553","Nur Kontraktbuchung ohne Warenbezug","ID_WABEWKTRBUCHKORR","int","5","0","0","KontraktBuchTyp",""
"554","TextInfo zur Preisherkunft","ID_WABEW_PREISWOHERTEXT","","0","0","0","",""
"555","KundennummerwechselAusführen","ID_KUNDNUMMER_WECHSEL_EX","","0","0","0","",""
"556","Kundennummerwechsel Parameter","ID_KUNDNUMMER_WECHSEL_PAR","","0","0","0","",""
"557","Washout Circle Belege","ID_WASHOUT_ODER_CIRCLE","int","5","0","0","Washout Circle","Mit dieser Id kann das Kennzeichen auf Washout oder Circle in der Warenbewegung gesetzt werden"
"558","Zeitverbrauch = Dauer","ID_WBZ_DAUER","int","10","0","0","","Dauer  z.b. Bei der Herstellung"
"559","Startzeit ( timestamp als text)","ID_WBZ_STARTZEIT","string","23","0","0","Startzeit",""
"560","Endzeit ( timestamp als text )","ID_WBZ_ENDZEIT","string","23","0","0","Endzeit",""
"561","Infos zum Kreditlimit","ID_KREDITLIMIT_INFO","int","15","2","0","Infos Kreditlimit","Liefert verschiedene Infos zum Kreditlimit"
"562","versch. Werte Zum Kreditlimit","ID_KREDITLIMIT_WERT","","15","0","0","Kreditlimit Values",""
"563","Adresse des Mandanten","ID_MANDANTADRESSE","string","100","0","5","Mandantadresse","Das ist die Mandantenadresse"
"564","Inventurstichtag","ID_WIV_STICHTAG","","0","0","0","",""
"565","Inventurklasse","ID_WIV_KLASSE","","0","0","0","",""
"566","","ID_AUSBUCH_PREIS","","0","0","0","",""
"567","preiseinheit Ausbuchpreis","ID_AUSBUCH_PREISEINHEIT","","0","0","0","",""
"568","Mengeneinheit Ausbuchpreis","ID_AUSBUCH_ME","","0","0","0","",""
"569","Bestandstyp Inventur","ID_INVENTUR_BESTTYP","","0","0","0","",""
"570","Perm Inventurstatus der Warenposition","ID_INVENTURSTATUS","","0","0","0","ID_INVENTURSTATUS",""
"571","Preistyp in der Inventur","ID_INVENTUR_PREISTYP","","0","0","0","ID_INVENTUR_PREISTYP",""
"572","Vorgangslink","ID_VORGLINKID","","0","0","0","ID_VORGLINKID",""
"573","Setze Link zu ID","ID_SETLINKID","","0","0","0","ID_SETLINKID",""
"574","ID des angemeldeten Erfassers","ID_ERFASSERID","int","10","0","3","ErfasserId",""
"575","Kurzname des angemeldeten Erfasser","ID_ERFASSERKURZ","string","20","0","0","ErfasserKurz",""
"576","ID des Erfassers eines Neubelegs","ID_ERFASSERNEU","int","10","0","3","ErfasserNeu",""
"577","Absendeland der Lieferung","ID_SHIPFROM","int","5","0","0","SHIPFROM",""
"578","Empfängerland der Lieferung","ID_SHIPTO","int","5","0","0","SHIPTO",""
"579","Bezeichnung des Absenderlandes","ID_BEZ_SHIPFROM","","5","0","0","BEZ_SHIPFROM","Bezeichnung des Absenderlandes"
"580","Bezeichnung des Empfängerlandes","ID_BEZ_SHIPTO","","5","0","0","BEZ_SHIPTO","Bezeichnung des Empfängerlandes"
"581","Zaehlmenge der Inventur im Vorgang","ID_INVENTUR_ZAEHLMENGE","double","15","3","3","ZAehlmenge","Zählmenge inklusive Fremdbestände"
"582","Gefahrgut mit kleinen Mengen","ID_LIMITED_QUANTITY","int","5","0","0","LimitedQuantity","Gefahrgut in kleinen Mengen ohne Gefahrgutbehandlung"
"583","Gefahrgut Sondervorschrift 375","ID_ADR_SV375","int","1","0","0","SV375","Gefahrgut nach Sondervorschrift 375 frei"
"584","ID ErfasserNeu, Fallback auf Bediener","ID_ERFASSERNEU_ODER_BEDIENERNEU","int","10","0","3","ErfasserBedienerNeu",""
"585","Name ErfasserNeu, Fallback auf Bediener","ID_NAME_ERFASSERNEU_ODER_BEDIENERNEU","string","20","0","0","ErfasserBedienerKurz",""
"586","Name Erfasser Neubeleg","ID_NAMEERFASSERNEU","string","20","0","0","Name ErfasseNeu",""
"587","Fremdwährungkennzeichen","ID_IST_FREMDW_BELEG","int","1","0","0","Fremdwöhrungskennzei",""
"588","Buchwährungskennzeichen","ID_IST_BUCHW_BELEG","","1","0","0","Buchwährungskennzeic",""
"589","ID_KONTRAKTVORSTART_IMMERERLAUBT","ID_KONTRAKTVORSTART_IMMERERLAUBT","","0","0","0","ID_KONTRAKTVORSTART",""
"590","ID_KONTRAKTNACHENDE_IMMERERLAUBT","ID_KONTRAKTNACHENDE_IMMERERLAUBT","","0","0","0","ID_KONTRAKTNACHENDE",""
"591","ID_KONTRAKT_ROHWARE_IMMERERLAUBT","ID_KONTRAKT_ROHWARE_IMMERERLAUBT","","0","0","0","ID_KONTRAKT_ROHWARE",""
"592","ID_KONTRAKT_ABAUFTRAG_IMMERERLAUBT","ID_KONTRAKT_ABAUFTRAG_IMMERERLAUBT","","0","0","0","ID_KONTRAKT_ABAUFTRA",""
"593","Status Mailversand für Rohware-Sammeldru","ID_ROHWARE_STATUS_MAIL_SAMMELDRUCK","int","3","0","0","Status Mail","Status vom Mailvesand Rohwaresammeldruck"
"594","Kassen Barcode","ID_KASSENBARCODE","string","0","0","0","Kassen Barcode","String zum Barcode des Kassenbon"
"595","TSE Transaktionsnr","ID_TSE_TRANSAKTIONSNR","string","0","0","0","TSE_Transaktuon","Transaktion aus TSE Gereät"
"596","TSE Startzeit Kassenvorgang","ID_TSE_STARTZEIT","string","0","0","7","TSE StartZeit","Startzeit  Kassenvorgang"
"597","TSE Endzeit  Kassenvorgang","ID_TSE_ENDZEIT","string","0","0","7","TSE Endzeit","Endzeit  Kassenvorgangs"
"598","TSE Seriennummer","ID_TSE_SERIENNUMMER","string","0","0","0","TSE Seriennummer","Seriennummer der TSE"
"599","TSE Signaturzähler","ID_TSE_SIGNATURZAEHLER","int","0","0","0","TSE Signaturzaehler",""
"600","TSE Prüfwert","ID_TSE_PRRUEFWERT","string","0","0","0","TSE Prüfwert",""
"627","","ID_UMBUCHINTERN_PARTIE_AKT","","0","0","4","",""
"660","ID der Verkaufsbeschränkung","ID_SALERESTRICT_ID","","0","0","0","ID_SALERESTRICT_ID",""
"661","Verkaufsbeschränkung Text Lang","ID_SALERESTRICT_LANG","","0","0","0","ID_SALERESTRICT_LANG",""
"662","Verkaubsbeschränkung Text kurz","ID_SALERESTRICT_KURZ","","0","0","0","ID_SALERESTRICT_KURZ",""
"663","Soll auf Verkaufsbeschränkung getestet w","ID_SALERESTRICTION_DOTEST","","0","0","0","ID_SALERESTRICTION_D",""
"664","Verkaufsbeschränkung Zertifikattyp","ID_SALERESTRICTION_CERTIFICATETYPE","","0","0","0","ID_SALERESTRICTION_C",""
"670","Quelle des Vorgangsimports","ID_IMPORTQUELLE","int","0","0","0","ID_IMPORTQUELLE","Quelle des Imports (wenn importiert)"
"990","Rabattprozentsatz","ID_RABATT_PROZENT","double","6","2","3","rabattprozent",""
"991","Gesamtbetrag (Brutto / Netto)","ID_GESAMTBETRAG","double","15","2","3","Gesamtbetrag (B/N)",""
"992","RabattProzent gerundet","ID_RABATT_PROZ_RUND","double","15","2","3","Rabatt proz Rund",""
"993","Betrag (B/N) mit ZUAB + Rabatt","ID_BETRAG_NETTO","double","15","2","3","Betrag komplett",""
"995","fixes Gebinde 1","ID_GEBINDEFIX1","short","10","0","3","gebfix",""
"996","fixes Gebinde 2","ID_GEBINDEFIX2","short","10","0","3","gebfix",""
"997","fixes Gebinde 3","ID_GEBINDEFIX3","short","10","0","3","gebfix",""
"998","fixes Gebinde 4","ID_GEBINDEFIX4","short","10","0","3","gebfix",""
"1000","Preis","ID_PREIS","double","15","2","3","Preis",""
"1001","Menge","ID_MENGE","double","15","2","3","Menge",""
"1002","Artikel Id","ID_ARTIKELID","int","20","0","0","ArtikelId",""
"1003","Netto","ID_NETTO","double","15","2","3","Netto",""
"1004","Kundenmatchcode","ID_KUNDMATCH","string","15","2","0","KundMatch",""
"1005","Kontraktid","ID_KONTRAKTID","int","8","0","3","KontraktId",""
"1006","Artikelnummer","ID_ARTIKELNUMMER","string","20","0","0","Artikelnummer",""
"1007","ArtikelStammId","ID_ARTISTAMMID","int","20","0","0","ArtikelStammId",""
"1008","Lagernummer","ID_LAGERNUMMER","int","20","0","0","Lagernummer",""
"1009","Lieferdatum","ID_LIEFDAT","DateTime","10","0","0","Lieferdatum",""
"1010","Rechnungsdatum","ID_RECHDAT","DateTime","10","0","0","Rechnungsdatum#",""
"1011","Hauptwarengruppen-Nummer","ID_WAGRU_HAUPTNUMMER","int","10","0","3","hauptwarengruppe",""
"1012","Warengruppen-Nummer","ID_WAGRU_NUMMER","int","10","0","3","Warengruppennummer",""
"1013","Oberwarengruppen-Nummer","ID_WAGRU_OBERNUMMER","int","10","0","3","oberwarengruppe",""
"1014","Artikelgruppennummer","ID_ARTGRNUMMER","int","10","0","0","ArtGruppenNummer",""
"1015","Mengeneinheits-Gruppennummer","ID_ME_GRUPNUMMER","int","10","0","0","MEGruppenNummer",""
"1016","Erlöskennziffernzuordnungsnummer","ID_EKZ_NUMMER","int","10","0","3","EKZ Nummer",""
"1017","Steuerschlüssel","ID_STEUERSCHLUESSEL","int","10","0","3","Steurschlüssel",""
"1018","Gewicht","ID_GEWICHT","double","15","3","3","Gewicht",""
"1019","Artikeltext","ID_ARTTEXT","string","255","0","0","Artikeltext",""
"1020","Bruttobetrag","ID_BRUTTO","double","12","2","3","Brutto",""
"1021","Fracht","ID_FRACHT","double","15","2","3","Fracht",""
"1022","Verpackungskosten (nicht aktiv)","ID_VERPACKUNG","double","15","2","3","Verpackung",""
"1023","Zu- oder Abschlag","ID_ZUABSCHLAG","double","15","2","3","Zu/Abschlag",""
"1024","Steuerbetrag","ID_STEUER","double","15","2","3","Steuer",""
"1025","Text der Textzeile","ID_TEXTTEXT","string","255","0","0","Texttext",""
"1026","Gebindeanzahl","ID_GEBINDE","double","8","0","3","Gebinde",""
"1027","Zwischensummentext","ID_ZWISCHENTEXT","string","255","0","0","Zwischentext",""
"1028","Rabatt","ID_RABATT","double","15","2","3","Rabatt",""
"1029","Warenwert","ID_WARENWERT","double","15","2","3","Warenwert",""
"1030","Skontierfähigkeitskennzeichen","ID_SKONTIERFAEHIG","short","8","0","3","Skontierfähigkeit",""
"1031","Formularnummer","ID_FORMULARID","int","8","0","3","FormularNummer",""
"1032","Artikelstammnummer","ID_ARTISTAMMNUMMER","string","20","0","0","Artikelstammnummer",""
"1033","Kostenstellennummer","ID_KOSTSTELNUMMER","int","10","0","3","Kostenstellennr",""
"1034","Versandartid","ID_VERSANDARTID","int","10","0","3","Versandart",""
"1035","Formularnummer im Preview","ID_FORMULARIDPREV","int","0","0","3","Formnummer Preview",""
"1036","Formularnummer im Bildschirm","ID_FORMULARIDBS","int","0","0","3","Formnummer Bildschir",""
"1037","Steuer Klasse","ID_STEUERKLASSE","int","8","0","3","steuerklasse",""
"1038","Steuer Gruppe Nummer","ID_STEUERGRNUMMER","int","8","0","3","steuergruppennummer",""
"1039","Steuerformel","ID_STEUERFORMEL","int","8","0","3","steuerformel",""
"1040","Steuer Satz","ID_STEUERSATZ","double","10","2","3","steuersatz",""
"1041","Steuersatz Einfuhr","ID_STEUERSATZEINFUHR","double","12","2","3","steuersatzeinfuhr",""
"1042","Lieferschein-Nummer (Warenbewegung)","ID_LIEFNUMMER","string","20","0","0","liefnummer",""
"1043","Kontonummer Steuerkonto","ID_KONTONRSTEUER","int","12","0","3","kontonrsteuer",""
"1044","Kontonummer Skontokonto","ID_KONTONRSKONTO","int","12","0","3","kontonrskonto",""
"1045","Kontonummer Einfuhrumsatzsteuer","ID_KONTONREINFUHR","int","12","0","3","kontonreinfuhr",""
"1046","Druckstatus","ID_STATUSDRUCK","short","1","0","0","druck",""
"1047","WarenupdateStatus","ID_STATUSWARE","short","1","0","0","ware",""
"1048","Umsatzupdate Status","ID_STATUSUMSATZ","short","1","0","0","umsatz",""
"1049","UpdateStatus Rechnungsausgangsbuch","ID_STATUSREBUCH","short","1","0","0","rebuch",""
"1050","Status Fubuübertrag (Fibu)","ID_STATUSFIBU","short","1","0","0","fibu",""
"1051","Updatemerker Statistiken","ID_STATUSSTATISTIK","short","1","0","0","statistik",""
"1052","Status Zahlungsträgerdruck","ID_STATUSZAHLUNG","short","1","0","0","zahlung",""
"1053","Status Ladelistendruck","ID_STATUSLADELISTE","short","1","0","0","ladeliste",""
"1054","Status Bestandsupdate","ID_STATUSBESTAND","short","1","0","0","bestand",""
"1055","Status Dispoupdate","ID_STATUSDISPO","short","1","0","0","dispo",""
"1056","Geschäftsjahresnummer","ID_JAHRNUMMER","int","4","0","0","jahrnummer",""
"1057","Währnungsnummer","ID_WAEHRNUMMER","int","4","0","3","waehrnummer",""
"1058","Individual-RabattKlasse","ID_RABKLASSNUMMERINDI","int","8","0","3","RABKLASSNUMMERINDI","06.03.1997 -MM-"
"1059","Individual-ZuAbSchlagsKlasse","ID_ZUABKLASSNUMMERINDI","int","8","0","3","ZUABKLASSNUMMERINDI","06.03.1997 -MM-"
"1060","Periodenbereich (Fibu/Wabu)","ID_PERIBEREICH","short","1","0","3","peribereich",""
"1061","Periodennummer","ID_PERINUMMER","short","4","0","3","perinummer",""
"1062","Vertretergruppen-Nummer","ID_VERTGRNUMMER","int","8","0","0","vertgrnummer",""
"1063","Preisklassen Nummer","ID_PREISKLNUMMER","int","8","0","0","preisklnummer",""
"1064","Preisklassen Nummer Individualpreis","ID_PRINDKLNUMMER","int","8","0","0","prindklnummer",""
"1065","Rabattklassen Nummer","ID_RABKLASSNUMMER","int","8","0","0","rabklassnummer",""
"1066","Zu-/Abschlagsklassen Nummer","ID_ZUABKLASSNUMMER","int","8","0","0","zuabklassnummer",""
"1067","Frachtklassennummer","ID_FRAKLASSNUMMER","int","8","0","0","fraklassnummer",""
"1068","Kennzeichen, Einkauf(1) oder Verkauf(2)","ID_EKVK_KENNZEICHEN","short","1","0","0","ekvk",""
"1069","Kennzeichen, Zugang(1) oder Abgang(2)","ID_ZUAB_KENNZEICHEN","short","1","0","0","zuab",""
"1070","Vertreter-Provisionsgruppe","ID_VERTPRNUMMER","int","8","0","0","vertprgruppe",""
"1071","Listen Preisgruppe","ID_LISTENPREISGRUPPE","int","8","0","0","listenpreisgr",""
"1072","Individual Preisgruppe","ID_INDIPREISGRUPPE","int","8","0","0","indipreisgruppe",""
"1073","Zu- Abschlagsgruppe","ID_ZUABGRUPPE","int","8","0","0","zuabgruppe",""
"1074","Rabattgruppe","ID_RABATTGRUPPE","int","8","0","0","rabattgruppe",""
"1075","Frachtgruppe","ID_FRACHTGRUPPE","int","8","0","0","frachtgruppe",""
"1076","Preisherkunfts-Kennzeichen","ID_PREIS_WOHER","short","2","0","0","preiswoher",""
"1077","Preismengeneinheits-Nummer","ID_ME_NUMMERPREIS","int","10","0","0","me_nummerpreis",""
"1078","Preiseinheit","ID_PREISEINHEIT","double","8","0","0","preiseinheit",""
"1079","Kontonummer","ID_KONTONUMMER","int","8","0","3","kontonummer",""
"1080","Bezeichnung","ID_BEZEICHNUNG","string","80","0","0","bezeichnung",""
"1081","Bezugskennzeichen Zu-/Abschlag","ID_ZUABBEZUG","short","2","0","3","zuabbezug",""
"1082","Formelkennzeichen Zu-/Abschlag","ID_ZUABFORMEL","short","2","0","3","zuabformel",""
"1083","Prozentsatz","ID_PROZENTSATZ","double","6","2","3","prozentsatz",""
"1084","Bezugsmenge","ID_BEZUGSMENGE","double","12","3","3","bezugsmenge",""
"1085","Bezugswert","ID_BEZUGSWERT","double","12","3","3","bezugswert",""
"1086","Druckkennzeichen","ID_DRUCKKENNZEICHEN","short","1","0","3","druckkennzeichen",""
"1087","Liefermenge","ID_LIEFERMENGE","double","12","3","3","Liefermenge",""
"1088","Text","ID_TEXT","string","99","0","0","text",""
"1089","Abteilungs Nummer","ID_ABTEILUNG","int","8","0","0","abteilungnummer",""
"1090","Unter-Abteilung","ID_UNTERABTEILUNG","int","8","0","0","unterabtnummer",""
"1091","Erloes-/Aufwandskonto","ID_KONTONRERLOES","int","10","0","0","kontonrerloes",""
"1092","Gewicht je Mengeneinheit","ID_GEWICHTEINHEIT","double","10","3","3","gewichteinheit",""
"1093","Anzahl vorhandener Kontraktpositionen","ID_KONTRAKT_ANZ","int","8","0","3","kontraktanz","Nur intern"
"1094","Position des ausgewählten Kontrakts","ID_KONTRAKT_AKT","int","8","0","3","kontraktakt","Nur intern"
"1095","Frachtvariante","ID_FRACHTVARIANTE","int","8","0","3","frachtvariante",""
"1096","Verkaufgebiets Nummer","ID_VERKAUFSGEBIET","int","8","0","3","verkaufsgebiet",""
"1097","Gebietsnummer Von","ID_GEBIET_VON","int","8","0","3","gebietvon",""
"1098","Gebietsnummer Nach","ID_GEBIET_NACH","int","8","0","3","gebietnach",""
"1099","LKW Nummer Motorwagen","ID_LKW_NUMMER_MOTOR","int","8","0","3","LKW_NUMMER_MOTOR",""
"1100","LKW Nummer Anhaenger","ID_LKW_NUMMER_ANHAENGER","int","8","0","3","LKW_NUMMER_ANHAENGER",""
"1101","Fahrernummer","ID_FAHRER","int","8","0","3","fahrernummer",""
"1102","Kontraktpositionsnummer","ID_KONTRAKTPOSIT","int","10","0","3","kontraktposit",""
"1103","Lagerplatz-Nummer","ID_LAGERPLATZ","int","4","0","0","lagerplatz",""
"1104","Übertragstext alte Seite","ID_TEXTUEBALT","string","70","0","0","uebtextalt",""
"1105","Übertragstext neue Seite","ID_TEXTUEBNEU","string","70","0","0","uebtextneu",""
"1106","Nettobetrag incl. alle Zu-/Abschläge etc","ID_NETTONETTO","double","15","2","3","nettonetto",""
"1107","Nettobetrags Korrekturen","ID_NETTOKORREKTUR","double","15","2","3","nettokorrektur",""
"1108","Mengeneinheits-Nummer","ID_ME_NUMMER","int","10","0","3","me_nummer",""
"1109","Zu-/Abschlag in der Zeile","ID_INZEILEKENNZEICHEN","short","1","0","3","inzeile",""
"1110","Zu-/Abschlag kalkulatorisch","ID_INCLUSIVKENNZEICHEN","short","1","0","3","inclusiv",""
"1111","Zu-/Abschlagstyp","ID_ZUABTYP","int","8","0","3","zuabtyp",""
"1112","Zieltage","ID_ZIELTAGE","int","3","0","3","zieltage",""
"1113","Skontotage","ID_SKONTOTAGE","int","3","0","3","skontotage",""
"1114","Anzahl vorhandener Zahlungsbedingungen","ID_ZAHLBED_ANZ","int","2","0","3","zahlbedanz",""
"1115","Bezeichnung Zahlungsbedingung","ID_ZAHLBEDBEZEICH","string","40","0","0","zahlbedbezeich",""
"1116","Nettobetrag der Zahlungsbedingung","ID_ZAHLBEDNETTO","double","15","2","3","zahlbednetto",""
"1117","Zahlungsbetrag","ID_ZAHLBEDBRUTTO","double","15","2","3","zahlbedbrutto",""
"1118","Entfernung","ID_ENTFERNUNG","int","8","0","3","entfernung",""
"1119","Steuerbetrag der Zahlungsbedingung","ID_ZAHLBEDSTEUER","double","15","2","3","zahlbedsteuer",""
"1120","Skontierfaehiger Betrag der Zahlbed.","ID_ZAHLBEDSKONTIERFAEHIG","double","15","2","3","zahlbedskontier",""
"1121","Anzahl Steuereinträge","ID_STEUER_ANZ","int","2","0","3","steueranz",""
"1122","Gewichtung der Zahlungsbedingung","ID_ZAHLBEDGEWICHT","double","13","2","3","zahlbedgewicht",""
"1123","Zahlungsbedingung","ID_ZAHLUNGSBEDINGUNG","int","132","0","5","Zahlbedingung","Die n-te Zahlungsbedingung drucken"
"1124","Gebinde Maß 1","ID_GEBINDEMASS_1","double","13","3","3","gebmass1",""
"1125","Gebinde Maß 2","ID_GEBINDEMASS_2","double","13","3","3","gebmass2",""
"1126","Gebinde Maß 3","ID_GEBINDEMASS_3","double","13","3","3","gebmass3",""
"1127","Gebindetyp","ID_GEBINDETYP","int","2","0","3","gebtyp",""
"1128","Gebinde Herkunft","ID_GEBINDEHERKUNFT","int","2","0","3","gebherkunft",""
"1129","Gebinde Bez. 1","ID_GEBINDETEXT_1","string","20","0","0","gebtext1",""
"1130","fixes Gebinde Kennzeichen","ID_GEBINDEFIX","int","10","0","3","gebfix",""
"1131","Umrechnungsfaktor","ID_UMRECHNUNG","double","12","4","3","umrechnung",""
"1132","Gebinde Stufe2-Kennzeichen","ID_GEBINDESTUFE2","int","10","0","3","gebstufe2",""
"1133","Gebinde-End-Stufe-Kennzeichen","ID_GEBINDEENDSTUFE","short","10","0","3","gebendstufe",""
"1134","Gebinde Maß 4","ID_GEBINDEMASS_4","double","13","3","3","gebmass4",""
"1135","Grundmengeneinheits Nummer","ID_GRUNDEINHEIT","int","8","0","3","grundeinheit",""
"1136","Zahlungsbetrag in Skontofrist","ID_ZAHLBEDZAHLBETRAG","double","16","2","3","ZAHLBETRAG",""
"1137","Mengeneinheits-Kurztext","ID_ME_TEXT","string","20","0","0","metext",""
"1138","Mengeneinheits-Bezeichnung","ID_ME_BEZEICHNUNG","string","60","0","0","mebezeich",""
"1139","Gebinde Bez. 2","ID_GEBINDETEXT_2","string","20","0","0","gebtext2",""
"1140","Gebinde Bez. 3","ID_GEBINDETEXT_3","string","20","0","0","gebtext3",""
"1141","Gebinde Bez. 4","ID_GEBINDETEXT_4","string","20","0","0","gebtext4",""
"1142","Preisinformation","ID_PREISINFO","string","40","0","0","preisinfo",""
"1143","Interne Identifikation Warenbewegung","ID_WABEWID","int","10","0","0","wabewid",""
"1144","Gebindemengeneinheit Kurztext","ID_GEBINDEME_TEXT","string","20","0","0","gebmetext",""
"1145","Gebindemengeneinheit Bezeichnung","ID_GEBINDEME_BEZEICHNUNG","string","40","0","0","gebmebezeich",""
"1146","Artikelausprägungs-Nummer","ID_AUSPR_NUMMER","int","8","0","3","ausprnummer",""
"1147","Artikelausprägungs-Bezeichung","ID_AUSPR_BEZEICHNUNG","string","40","0","0","ausprbez",""
"1148","Gebinde Erg. ME Nummer","ID_GEBINDEERGME_NUMMER","int","8","0","3","gebergnummer",""
"1149","Gebinde Erg. ME Kurztext","ID_GEBINDEERGME_TEXT","string","20","0","0","gebergtext",""
"1150","Gebinde Erg. ME Bezeichnung","ID_GEBINDEERGME_BEZEICHNUNG","string","40","0","0","gebergbez",""
"1151","Grundmeneinheits Kurztext","ID_GRUNDEINHEIT_TEXT","string","50","0","0","Grundeinheit_text",""
"1152","Grundmengeneinheits Bezeichnung","ID_GRUNDEINHEIT_BEZEICHNUNG","string","40","0","0","Grundeinheit_Bezeich",""
"1153","Gebindemengeneinheit Nummer","ID_GEBINDEME_NUMMER","int","9","0","3","Gebbindememnummer",""
"1154","Preismatrix Nummer","ID_PREISMATRIXNUMMER","int","8","0","3","preismatrix",""
"1155","Filial Nummer","ID_FILIALE","int","8","0","3","filialnummer",""
"1156","Zentrale Nummer","ID_ZENTRALE","int","8","0","3","zentralnummer",""
"1157","Zahlungsbedingungstyp","ID_ZAHLBEDTYP","int","4","0","3","zahlbedtyp",""
"1158","Zahlungsbedingung aktuell","ID_ZAHLBED_AKT","int","4","0","3","zahlbedakt",""
"1159","Gefahrgutklassen Nummer","ID_GG_NUMMER","int","20","0","0","gefahrgutkl",""
"1160","Gefahrgutklassen Bezeichnung","ID_GG_BEZEICHNUNG","string","40","0","0","gefahrgutbez",""
"1161","Gefahrgutklassen Multiplikator","ID_GG_MULTI","double","12","2","3","gefahrgutmulti",""
"1162","VbF-Klassen Name (Entzündlichkeit)","ID_GB_NAME","string","10","0","0","brandklname",""
"1163","VbF-Klassen Bezeichnung","ID_GB_BEZEICHNUNG","string","40","0","0","brandklbez",""
"1164","Toxizitätsklassen Name (Giftigkeit)","ID_GT_NAME","string","10","0","0","toxiklname",""
"1165","Toxizitätsklassen Bezeichnung","ID_GT_BEZEICHNUNG","string","40","0","0","toxiklname",""
"1166","UN-Nummer (Gefahrgut)","ID_UN_NUMMER","int","8","0","3","un_nummer",""
"1167","Merkblatt Nummer (Gefahrgut)","ID_MERKBLATTNUMMER","int","40","0","0","merkblatt",""
"1168","Postversandkennzeichen (Gefahrgut)","ID_POSTKENNZEICHEN","short","2","0","3","postkennz",""
"1169","Gefahrgutklassen Menge","ID_GG_MENGE","double","12","0","3","ggmenge",""
"1170","VbF-Klassen Menge","ID_GB_MENGE","double","12","0","3","gbmenge",""
"1171","Toxizitätsklassen Menge","ID_GT_MENGE","double","12","0","3","gtmenge",""
"1172","Gefahrgutklassen Anzahl","ID_GG_ANZAHL","int","8","0","3","gganzahl",""
"1173","VbF-Klassen Anzahl","ID_GB_ANZAHL","int","8","0","3","gbanzahl",""
"1174","Toxizitätsklassen Anzahl","ID_GT_ANZAHL","int","8","0","3","gtanzahl",""
"1175","Gefahrgutklassen Nettogewicht","ID_GG_GEWICHT","double","12","0","3","ggngewicht",""
"1176","VbF-Klassen Nettogewicht","ID_GB_GEWICHT","double","12","0","3","gtngewicht",""
"1177","Toxizitätsklassen Nettogewicht","ID_GT_GEWICHT","double","12","0","3","gtngewicht",""
"1178","Gefahrgutklassen Bruttogewicht","ID_GG_BRUTTOGEWICHT","double","12","0","3","ggbgewicht",""
"1179","VbF-Klassen Bruttogewicht","ID_GB_BRUTTOGEWICHT","double","12","0","3","gbbgewicht",""
"1180","Toxizitätsklassen Bruttogewicht","ID_GT_BRUTTOGEWICHT","double","12","0","3","gtbgewicht",""
"1181","Gefahrgutklassen Ident","ID_GG_ID","int","8","0","3","ggid",""
"1182","Toxizitätsklassen Ident","ID_GT_ID","int","8","0","3","gtid",""
"1183","VbF-Klassen Ident","ID_GB_ID","int","8","0","3","gbid",""
"1184","Gewicht (Brutto)","ID_GEWICHTBRUTTO","double","13","3","3","gewichtbrutto",""
"1185","Frachtklassennummer Individualfracht","ID_FRAKLASSNUMMERINDI","int","8","0","0","fraklassnummerindi",""
"1186","Gefahrgut Meßzahl f. Kennzeichnung","ID_GG_MESSZAHL","double","13","0","3","meßzahl",""
"1187","Quellvorgangsidentifikation(ID)","ID_QV_ID","int","10","0","3","qvident",""
"1188","Quellvorgangsklasse","ID_QV_KLASSNUMMER","int","4","0","3","qvklassnr",""
"1189","Quellvorgangszeilenzaehler","ID_QV_POSIZAEHLER","int","8","0","3","qvzaehler",""
"1190","Vorgangsart","ID_VORGANGSART","short","4","0","3","vorgangsart",""
"1191","Fehlertext","ID_FEHLERTEXT","string","255","0","0","fehhlertext",""
"1192","Selektions FLAG","ID_SELEKTION","short","4","0","3","seletktion",""
"1193","Fehleranzahl","ID_FEHLERANZ","int","4","0","3","fehleranz",""
"1194","Artikelbestand aktuell","ID_ARTIKELBESTAND","double","20","3","3","artikelbestand",""
"1195","Artikelbestands-Korrektur","ID_ARTIKELBESTANDKORR","double","20","3","3","artikelbestandkorr",""
"1196","Preimengeneinheits-Text","ID_ME_TEXTPREIS","string","40","0","0","me_textpreis",""
"1197","Preismengeneinheits-Bezeichnung","ID_ME_BEZEICHNUNGPREIS","string","20","0","0","me_bezeichpreis",""
"1198","Hinweis Mehrfachdruck","ID_MEHRFDRUCK","string","20","0","0","Mehrfachdruck",""
"1199","Dispositionsmenge","ID_DISPMENGE","double","20","3","3","dispmenge",""
"1200","Dispositionswert","ID_DISPWERT","double","20","2","3","dispwert",""
"1201","Restmenge","ID_RESTMENGE","double","20","3","3","restmenge",""
"1202","Restwert","ID_RESTWERT","double","20","2","3","restwert",""
"1203","Eingabemenge (allgemein)","ID_EINGABEMENGE","double","20","3","3","eingabemenge",""
"1204","Eingabewert (allgemein)","ID_EINGABEWERT","double","20","2","3","eingabewert",""
"1205","Referenz Nummer","ID_REFERENZNUMMER","string","20","0","0","refnr",""
"1206","Steuerbetrag incl. ZuAbschläge","ID_STEUERNETTO","double","20","2","3","steuernetto",""
"1207","Fakturiergruppe","ID_FAKTURIERGRUPPE","int","4","0","3","faktgruppe",""
"1208","Fehlercode (intern)","ID_FEHLERCODE","int","4","0","3","fehlercode",""
"1209","Bemerkungs ID","ID_BEMERK_ID","int","8","0","3","bemerk_id","Nicht zum Drucken!"
"1210","Quellvorgangsstufe","ID_QV_STUFE","int","4","0","0","qv_stufe","Internes Feld bei Umwandlung"
"1211","Quellvorgangsunterklasse","ID_QV_UKLASSNUMMER","int","4","0","3","qv_uklassnummer",""
"1212","Quellvorgangsnummer","ID_QV_NUMMER","string","20","0","0","qv_nummer",""
"1213","Quellvorgangsdatum","ID_QV_DATUM","DateTime","10","0","0","qv_datum",""
"1214","Zielvorgangsdatum","ID_ZV_DATUM","DateTime","10","0","0","zv_datum",""
"1215","Zielvorgangsnummer","ID_ZV_NUMMER","string","12","0","0","zv_nummer",""
"1216","Zielvorgangsunterklasse","ID_ZV_UKLASSNUMMER","int","4","0","3","zv_unteklassenummer",""
"1217","Zielvorgangsklasse","ID_ZV_KLASSNUMMER","int","8","0","3","zv_klassenummer",""
"1218","Gebindebezugsgöße 1","ID_GEBINDEBEZUG_1","double","12","0","3","gebindebezug1",""
"1219","Gebindebezugsgöße 2","ID_GEBINDEBEZUG_2","double","12","0","3","gebindebezug2",""
"1220","Erfassungslevel","ID_ERF_LEVEL","int","1","0","3","erflevel",""
"1221","Updatelevel","ID_UPDT_LEVEL","int","1","0","3","updtlevel",""
"1222","Belegstufe","ID_STUFE","int","2","0","3","stufe",""
"1223","Artikelvariante","ID_ARTIKELVARIANTE","short","4","0","3","Artikelvariante",""
"1224","Kenzzeichen Betrag eingegeben","ID_BETRAGMANUELL","short","4","0","3","betragmanu",""
"1225","Verpackungseinheiten","ID_VERPACKEINHEIT","double","20","3","3","verpack",""
"1226","Gebindebezugsgöße 3","ID_GEBINDEBEZUG_3","double","12","0","3","gebindebezug3",""
"1227","Gebindebezugsgöße 4","ID_GEBINDEBEZUG_4","double","12","0","3","gebindebezug4",""
"1228","Preiseinheitszeichen EZHT","ID_EZHT","string","1","0","0","ezht",""
"1229","Datum Angebot","ID_V_DATUM_1","DateTime","10","0","0","datum1",""
"1230","Datum Auftrag","ID_V_DATUM_2","DateTime","10","0","0","datum2",""
"1231","Datum Lieferschein","ID_V_DATUM_3","DateTime","10","0","0","datum3",""
"1232","Datum Rechnung","ID_V_DATUM_4","DateTime","10","0","0","datum4",""
"1233","Nummer Angebot","ID_V_NUMMER_1","string","20","0","0","nummer1",""
"1234","Nummer Auftrag","ID_V_NUMMER_2","string","20","0","0","nummer2",""
"1235","Nummer Lieferschein","ID_V_NUMMER_3","string","20","0","0","nummer3",""
"1236","Nummer Rechnung","ID_V_NUMMER_4","string","20","0","0","nummer4",""
"1237","Bonusklasse","ID_BONUSKLASSE","int","8","0","3","bonusklasse",""
"1238","Anzahl WarenPos ohne Preis","ID_OHNEPREIS_ANZ","int","8","0","3","an0preis",""
"1239","Anzahl Warenpositionen","ID_WAPOS_ANZ","int","8","0","3","waposanz",""
"1240","Bonitaet des Kunden","ID_BONITAET","short","4","0","3","bonitaet",""
"1241","Prozentsatz ZuAbschlag in Warenposition","ID_ZUABPROZENTSATZ","double","12","2","3","zuabprozent",""
"1242","Preis (Satz) ZuAbschlag in Warenposition","ID_ZUABPREIS","double","12","2","3","zuabpreis",""
"1243","Text des ZuAbschlag in Warenposition","ID_ZUABTEXT","string","40","0","0","zuabtext",""
"1244","Nettobetrag des Zuabschlags","ID_NETTOZUAB","double","12","2","3","zuabnetto","internal error"
"1245","Kennzeichen, ob manuelle Rabatte erlaubt","ID_RABMANUELL","short","4","0","3","rabmanuell","nur intern"
"1246","Rohwaren Gruppe","ID_ROH_WARENGRUPPE","int","8","0","3","rohwarengr",""
"1247","Kostensatz Nummer","ID_KOSTEN_NUMMER","int","8","0","3","kostennr",""
"1248","Kostentabellen ID","ID_KOSTEN_TAB_ID","int","8","0","3","tabid",""
"1249","Kostensatz Zaehler","ID_KOSTEN_ZAEHLER","int","8","0","3","kostenzaehler",""
"1250","Kostensatz Formel","ID_KOSTEN_FORMEL","string","100","0","0","kostenformel",""
"1251","Tabellen Herkunft","ID_TAB_HERKUNFT","int","4","0","3","tabherk",""
"1252","Sorten Nummer","ID_SORTE_NUMMER","int","8","0","3","sorte",""
"1253","Paritäts-Nummer","ID_PARITAET_NUMMER","int","8","0","3","parinummer",""
"1254","Paritäts-Kennzeichen","ID_PARITAET_KENNZ","short","4","0","3","parikennz",""
"1255","Analysewert","ID_ANALYSE_WERT","double","12","2","3","anawert",""
"1256","Analysewert Herkunft","ID_ANALYSE_HERKUNFT","int","4","0","3","anaherkunft",""
"1257","Unterer Basiswert","ID_UNTER_BASIS","double","12","2","3","unterbasis",""
"1258","Oberer Basiswert","ID_OBER_BASIS","double","12","2","3","oberbasis",""
"1259","Qualitaetsmerkmal Nummer","ID_QUALITAET_NUMMER","int","8","0","3","qualiid",""
"1260","Qualitaetsmerkmal Tabellen ID","ID_QUALITAET_TAB_ID","int","8","0","3","qualiid",""
"1261","Qualitaetsmerkmal Zaehler","ID_QUALITAET_ZAEHLER","int","8","0","3","qualizael",""
"1262","Umrechnungs Tabellen ID","ID_UMRECHNUNG_TAB_ID","int","8","0","3","umretabid",""
"1263","Formel zur Bezugswerterrechnung","ID_BEZUGSWERT_FORMEL","string","100","0","0","bezugformel",""
"1264","Formel für Ergebnisspeicher","ID_ERGEBNIS_FORMEL","string","100","0","0","ergfomel",""
"1265","Sortierartikel Zaehler","ID_ARTIKEL_ZAEHLER","int","8","0","3","arizaehler",""
"1266","Bemerkungs Text","ID_BEMERK_TEXT","string","100","0","0","bemerktext",""
"1267","Bemerkungs Typ","ID_BEMERK_TYP","int","4","0","3","bemerktyp",""
"1268","Bemerkungs Bezeichnung","ID_BEMERK_BEZEICHNUNG","string","40","0","0","bemerkbezeich",""
"1269","Bemerkungs Nummer","ID_BEMERK_NUMMER","int","8","0","3","bemerknummer",""
"1270","Ausprägung aktuell","ID_AUSPR_AKT","short","8","0","3","ausprakt","intern"
"1271","Ausprägungs-Anzahl zugeordnet","ID_AUSPR_ANZ","int","8","0","3","auspranz","intern"
"1272","Datum geplante Lieferung","ID_V_DATUM_PLAN","DateTime","10","0","0","v_datum_plan",""
"1273","Eingabepreis","ID_EINGABEPREIS","double","12","2","3","eingabepreis",""
"1274","Menge (ohne erneute Preisfindung)","ID_MENGE_NACKT","double","20","2","3","menge_nackt","NICHT FÜR DRUCK!"
"1275","Gebindemenge hinter Faktor 1","ID_GEBINDE_MENGE_STUFE1","double","20","2","3","gebinde_menge_stufe1",""
"1276","Gebindemenge hinter Faktor 2","ID_GEBINDE_MENGE_STUFE2","double","20","2","3","gebinde_menge_stufe2",""
"1277","Artikelausprägungs-BemerkId","ID_AUSPR_BEMERK_ID","int","8","0","3","ausprbemerkid",""
"1278","Artikelausprägungs-Bemerkungstext","ID_AUSPR_BEMERK_TEXT","string","100","0","0","ausprbemerktext",""
"1279","Anschrift Nummer","ID_ADRESSID","string","8","0","5","adressid",""
"1280","Vertreter-Provisionsgruppe","ID_VERTPRGRUPPE","int","8","0","0","vertprgruppe",""
"1281","Gebinde Anzahl Zeilen","ID_GEBINDE_ANZ","int","0","0","3","genbindeanz",""
"1282","Gebinde aktuelle Zeile","ID_GEBINDE_AKT","int","0","0","3","genbindeakt",""
"1283","Dispo Anzahl Zeilen","ID_DISPO_ANZ","int","0","0","3","ktrdispo",""
"1284","Kontr/Dispo Anzahl auswählbare Zeilen","ID_KTRDISPO_AW_ANZ","int","0","0","3","ktrdispo",""
"1285","Dispo aktuelle Zeile","ID_DISPO_AKT","int","0","0","3","ktrdispo",""
"1286","Kontr/Dispo aktuelle Auswahl-Zeile","ID_KTRDISPO_AW_AKT","int","0","0","3","ktrdispo",""
"1287","Kontr/Dispo Zeilentyp","ID_KTRDISPO_AW_TYP","int","0","0","3","ktrdispotyp",""
"1288","'DM' Textkonstante","ID_DMZEICHEN","string","10","0","0","dmzeichen",""
"1289","'%' Textkonstante","ID_PROZENTZEICHEN","string","10","0","0","prozentzeichen",""
"1290","Datum 1.Druck","ID_V_DATUM_DRUCK","DateTime","10","0","0","druckdatum",""
"1291","Anzahl Positionen je Block","ID_BLOCK_POSITIONEN","int","4","0","3","block_positionen","NUR INTERN!"
"1292","Bezugswert für ZuAbschläge","ID_ZUABBEZUGSWERT","double","15","2","3","zuabbezwert",""
"1293","Bezugsmenge für ZuAbschläge","ID_ZUABBEZUGSMENGE","double","15","2","3","zuabbezmenge",""
"1294","Stapel ID","ID_STAPELID","int","8","0","3","stapelid",""
"1295","Stapel Bezeichnung","ID_STAPELBEZEICH","string","40","0","0","stapelbezeich",""
"1296","Stapel Bemerkung ID","ID_STAPELBEMERKID","int","8","0","3","stapelbemerk",""
"1297","Stapel Bemerkungtext","ID_STAPELBEMERKTEXT","string","60","0","0","stapelbemerk",""
"1298","Stapel Anzahl Belege","ID_STAPELANZAHL","int","8","0","3","stpelanz",""
"1299","Stapel Beleg ID des Vorgangs","ID_STAPELV_ID","int","8","0","3","stapel",""
"1300","Stapel BelegNummer des Vorgangs","ID_STAPELV_NUMMER","int","20","0","0","stapel",""
"1301","Zu-/Abschlagssatz je Waren-Mengeneinheit","ID_ZUABPREIS_JE_ME","double","12","2","3","zuabpreis_je_me",""
"1302","Stapel Menge","ID_STAPELMENGE","double","15","3","3","stapel",""
"1303","Stapel Gewicht","ID_STAPELGEWICHT","double","15","3","3","stapel",""
"1304","Stapel Gewicht Brutto","ID_STAPELGEWICHTBRUTTO","double","15","3","3","stapel",""
"1305","Stapel Nettobetrag","ID_STAPELNETTO","double","15","2","3","stapel",""
"1306","Stapel Skontobetrag","ID_STAPELSKONTOBETRAG","double","15","2","3","stapel",""
"1307","Stapel Steuerbetrag","ID_STAPELSTEUER","double","15","2","3","stapel",""
"1308","Stapel Bruttobetrag","ID_STAPELBRUTTO","double","15","2","3","stapel",""
"1309","Stapel Gebindeanzahl","ID_STAPELGEBINDE","double","15","0","3","stapel",""
"1310","Stapel Verpackungseinheiten","ID_STAPELVERPACKEINHEIT","double","15","0","3","stapel",""
"1311","Stapel Rabattbetrag","ID_STAPELRABATT","double","15","2","3","stapel",""
"1312","Stapel ZuAbschlagsbetrag","ID_STAPELZUABSCHLAG","double","15","2","3","stapel",""
"1313","Stapel Frachtbetrag","ID_STAPELFRACHT","double","15","2","3","stapel",""
"1314","Stapel Verpackungskostenbetrag","ID_STAPELVERPACKUNG","double","15","2","3","stapel",""
"1315","Stapel Warenwert","ID_STAPELWARENWERT","double","15","2","3","stapel",""
"1316","Stapel skontierfaehiger Betrag","ID_STAPELSKONTIERFAEHIG","double","15","2","3","stapel",""
"1317","Rohwaren Kriterien Nummer","ID_ROH_KRITNUMMER","int","8","0","3","kritnummer",""
"1318","Bezugspreis","ID_BEZUGSPREIS","double","15","2","3","bezpreis",""
"1319","Textgruppe","ID_TXGRUPPE","int","8","0","3","txgr",""
"1320","Formular Bereich","ID_FORMULARBEREICH","int","8","0","3","formber",""
"1321","Abrechnungs Typ","ID_ABR_TYP","short","4","0","3","abrtyp",""
"1322","Abrechnungs Druck-Position","ID_ABR_POS","short","4","0","3","abrpos",""
"1323","Abrechnungs Position","ID_REF_POS","short","4","0","3","refpos",""
"1324","Erfassungsposition","ID_ERF_POS","short","4","0","3","erfpos",""
"1325","Analyse Wert Korrektur","ID_ANALYSE_WERT_KORREKTUR","double","13","2","3","anawertk",""
"1326","Kosten-Typ","ID_KOSTEN_TYP","int","2","0","3","kostentyp","Rohwaren-Kosten/Vergütungszeilentyp"
"1327","Ergänzung","ID_ERGAENZUNG","short","4","0","3","ergaenz",""
"1328","Kennzeichen, stufenweise Abrechnung","ID_STUFE_KENNZ","short","4","0","3","stukennz",""
"1329","Kennzeichen, Basiswertkorrektursperre","ID_BASIS_SPERR","short","15","3","3","bassperr",""
"1330","Neu ermittelter Preis","ID_NEU_PREIS","double","15","3","3","neupreis",""
"1331","Neu ermittelte Menge","ID_NEU_MENGE","double","15","3","3","neumenge",""
"1332","Zu-/Abschlagsmenge","ID_ZUABMENGE","double","15","3","3","zuabmenge",""
"1333","Bezugs-Weltmarktpreis","ID_BEZUGSWMP","double","15","2","3","bezwmp",""
"1334","Anlieferungs-Zahlungsbedingung","ID_RWZB_LIE","int","8","0","3","rwzahlbed",""
"1335","Preisermittlungs-Datum","ID_V_DATUM_PREISE","DateTime","10","0","0","v_datum_preise",""
"1336","Frachtformel","ID_FRACHTFORMEL","int","4","0","3","frachtformel",""
"1337","Frachtzone","ID_FRACHTZONE","int","8","0","3","frachtzone",""
"1338","Maßeinheit-Nummer","ID_MASSNUMMER","int","8","0","3","massnummer",""
"1339","Behandlung Neuerfassung","ID_EPA_NEU_TYP","int","4","0","3","neutyp",""
"1340","Behandlung Korrektur","ID_EPA_KORR_TYP","int","4","0","3","korr",""
"1341","Artikel ID, nackt","ID_ARTIKELID_NACKT","int","8","0","3","artiidnackt","niur intern"
"1342","Kostenstellen Gruppe","ID_KOSTSTELGRUPPE","int","8","0","3","kostengruppe",""
"1343","Zu-/Abschlagsnummer","ID_ZUABNUMMER","int","8","0","3","zuabnummer",""
"1344","Zahlungsart ohne Prüfung","ID_ZAHLARTID_NACKT","int","4","0","0","ZAHLART_NACKT",""
"1345","Plan-oder Lieferdatum","ID_V_DATUM_PLAN_3","DateTime","10","0","0","Zusatzdatum",""
"1346","Bezugskriteriennummer","ID_ROH_KRITNUMMERBEZ","int","2","0","3","kritnrbez","Nummer des bezogenen Merkmals"
"1347","Artikelnummer, nackt","ID_ARTIKELNUMMER_NACKT","string","8","0","0","artinrnachkt","nur Rohware, intern"
"1348","Kosten-/Vergütungsbezeichnung Rohware","ID_KOSTEN_TEXT","string","80","0","0","kostentext",""
"1349","Qualitäts-/Zu-Abschlagbezeichnung Rohw.","ID_QUALI_TEXT","string","80","0","0","qualitext",""
"1350","Rohwaren Hauptartinr NACKT","ID_RWHPTARTI_NUMMER_NACKT","string","8","0","0","rwhptartinrnackt","intern"
"1351","Rohwaren Buchungstyp","ID_RW_BUTYP","short","4","0","0","butyp",""
"1352","Rohwaren Abschlagskennzeichen","ID_RW_ABSKENNZ","short","4","0","0","abkennz",""
"1353","Zusatzinfo 1 Warenpositionen","ID_ZUSATZINFO","string","40","0","0","zusatzinfo",""
"1354","USt Identifikation des Kunden","ID_USTKENNZEICHEN","string","16","0","0","ustkennz",""
"1355","Abschlagskennzeichen Vorgabe","ID_RWABSCHLAG_KENNZ","short","4","0","3","abkennz",""
"1356","Preis ohne Inzeilezuabschläge","ID_PREIS_NACKT","double","13","2","3","preisnackt","intern auch ohne Folgezeilenerzeugung"
"1357","Preiseinheit ohne Folgezeilenerzeugung","ID_PREISEINHEIT_NACKT","double","13","0","3","penackt","nur intern"
"1358","Zusatzinfo 2 Warenpositionen","ID_ZUSATZINFO2","string","40","0","0","zusatzinfo2",""
"1359","Nettobetrag ohne Inzeile Zuabschläge","ID_NETTO_NACKT","double","15","2","3","nettonackt",""
"1360","Kontraktnummer (nur PUT!) zur Selektion","ID_KONTRAKT_NUMMER","int","8","0","3","kontrakt_nummer","NUR INTERN!!!"
"1361","Artikel-Matchcode","ID_ARTIKELMATCH","string","30","0","0","artikelmatch",""
"1362","Lagerbezeichnung-Vorbesetzung","ID_BEZ_LAGERNUMMER_FEHL","int","40","0","0","lobezeich",""
"1363","BBN Nummer des Kunden","ID_BBN","string","12","0","0","bbn",""
"1364","BBS Nummer des Kunden","ID_BBS","string","12","0","0","bbs",""
"1365","EAN Nummer","ID_EAN","string","20","0","0","ean",""
"1366","Zuabschlagswert Inzeile (Wertänderung)","ID_NETTO_INZEILE","double","15","2","3","inzeilezuab",""
"1367","Zuabschlagspreis Inzeile (Preisänderung)","ID_PREIS_INZEILE","double","15","2","3","inzeilepreis",""
"1368","Steuerbetrag ohne jegliche ZuAb","ID_STEUER_NACKT","double","15","2","3","steuernackt",""
"1369","Steuerbetragsanteil Inzeile Zuab","ID_STEUER_INZEILE","double","15","2","3","steuerinzeile",""
"1370","Bruttobetrag ohne ZuAbschläge","ID_BRUTTO_NACKT","double","15","2","3","bruttonackt",""
"1371","Bruttobetragsanteil ZuAbschläge","ID_BRUTTO_INZEILE","double","15","2","3","bruttoinzeile",""
"1372","Abschlags Datum (Rohware)","ID_ABS_DATUM","DateTime","10","0","0","absdatum",""
"1373","Abschlags Satz (Rohware)","ID_ABS_SATZ","double","15","2","3","abssatz",""
"1374","Abschlags Kennzeichen (Rohware)","ID_ABS_KENNZEICHEN","short","1","0","3","abskennz",""
"1375","Abschlags Betrag (Rohware)","ID_ABS_BETRAG","double","15","2","3","absbetrag",""
"1376","Abschlags Vorgangsnummer (Rohware)","ID_ABS_V_NUMMER","string","20","0","0","absnummer",""
"1377","Abschlags Vorgangs ID (Rohware)","ID_ABS_V_ID","int","8","0","3","absvid",""
"1378","ZB Bruttobetrag ( nur RW Abschläge )","ID_ZAHLBEDBRUTTO_KORREKTUR","double","15","2","3","zb",""
"1379","ZB Bruttobetrag (abzgl. RW Abschläge)","ID_ZAHLBEDBRUTTO_GESAMT","double","15","2","3","zbbrut",""
"1380","ZB Steuerbetrag (abzgl. RW Abschläge)","ID_ZAHLBEDSTEUER_GESAMT","double","15","2","3","zbbrut",""
"1381","ZB Zahlbetrag (abzgl. RW Abschläge)","ID_ZAHLBEDZAHLBETRAG_GESAMT","double","15","2","3","zbbrut",""
"1382","ZB skontf.Betrag (abzgl. RW Abschläge)","ID_ZAHLBEDSKONTIERFAEHIG_GESAMT","double","15","2","3","zb",""
"1383","ZB Skontobetrag (abzgl. RW Abschläge)","ID_ZAHLBEDSKONTOBETRAG_GESAMT","double","15","2","3","zb",""
"1384","ZB skontf.Betrag ( nur RW Abschläge)","ID_ZAHLBEDSKONTIERFAEHIG_KORREKTUR","double","15","2","3","zb",""
"1385","ZB Steuerbetrag ( nur RW Abschläge)","ID_ZAHLBEDSTEUER_KORREKTUR","double","15","2","3","zb",""
"1386","Bruttobetrag ( ohne RW Abschläge )","ID_BRUTTO_GESAMT","double","15","2","3","sum",""
"1387","Steuerbetrag ( ohne RW Abschläge )","ID_STEUER_GESAMT","double","15","2","3","sum",""
"1388","skontf. Betrag ( ohne RW Abschläge )","ID_SKONTIERFAEHIG_GESAMT","double","15","2","3","sum",""
"1389","skontf. Betrag ( nur RW Abschläge )","ID_SKONTIERFAEHIG_KORREKTUR","double","15","2","3","sum",""
"1390","Bruttobetrag ( nur RW Abschläge )","ID_BRUTTO_KORREKTUR","double","15","2","3","sum",""
"1391","Steuerbetrag ( nur RW Abschläge )","ID_STEUER_KORREKTUR","double","15","2","3","sum",""
"1392","Abschlag bereits bezahlt (Rohware)","ID_ABS_GEZAHLT","double","15","2","3","abs",""
"1393","Abschlag Auszahlungsbetrag (Rohware)","ID_ABS_AUSZAHLUNG","double","15","2","3","abs",""
"1394","Abschlag Restbetrag (Rohware)","ID_ABS_REST","double","15","2","3","abs",""
"1395","Nettobetrag ( Ohne RW Abschläge )","ID_NETTO_GESAMT","double","15","2","3","sum",""
"1396","Nettobetrag (Nur RW Abschläge)","ID_NETTO_KORREKTUR","double","15","2","3","sum",""
"1397","Netto bereits gezahlt","ID_NETTO_ABS_GEZAHLT","double","15","2","3","sum",""
"1398","Masseinheit Rohware","ID_MASSEINHEIT","string","10","0","0","Masseinheit",""
"1399","DSD Beitrag","ID_DSD_WERT","double","15","2","3","dsd",""
"1400","Quellvorgangs-Wiegescheinnummer","ID_QV_WIEGENUMMER","string","20","0","0","qv_wiegenummer",""
"1401","Kippwaagen-Zaehler-Anfangsstand","ID_KIPPWAAGE_ANFANG","double","8","0","3","kippwaagenzaehler",""
"1402","Kippwaagen-Zaehler-Endstand","ID_KIPPWAAGE_ENDE","double","8","0","3","kippwaagenzaehler",""
"1403","Kippwaagen-Kippgewicht","ID_KIPPWAAGE_KIPPGEWICHT","double","8","1","3","kippungsmenge",""
"1404","Kippwaagen-Kippungs-Anzahl","ID_KIPPWAAGE_KIPPANZAHL","double","8","0","3","kippungsanzahl",""
"1405","Kippwaagen-Menge ohne Rest","ID_KIPPWAAGE_MENGE_OHNE","double","12","1","3","kippgewicht",""
"1406","Kippwaagen-Menge inkl.Rest","ID_KIPPWAAGE_MENGE_GESAMT","double","12","1","3","kippgewicht",""
"1407","Kippwaagen-Restverwiegung","ID_KIPPWAAGE_REST","double","12","1","3","kippgewicht",""
"1408","DSD Materialgruppe Nummer","ID_DSD_MATGRNUMMER","int","8","0","3","dsdm",""
"1409","DSD Volumengruppe Nummer","ID_DSD_VOLGRNUMMER","int","8","0","3","dsdv",""
"1410","Gewicht der Verpackung","ID_VERPGEWICHT","double","15","3","3","verpgew",""
"1411","Gebinde Maß 1 letzte Gebindezeile","ID_GEBINDEMASS_1_LAST","double","15","2","3","genbindemass_last",""
"1412","Tour ID","ID_TOURID","int","8","0","3","tour",""
"1413","Tour Stations Nummer","ID_TOURSTATION","int","8","0","3","toursation",""
"1414","Tour Bezeichnung","ID_TOURBEZ","string","100","0","0","TOURBEZ",""
"1415","Rohware Umwandel Zaehler","ID_RWUMWZAEHL","int","4","0","3","umwzaehl",""
"1416","Bediener Neubeleg","ID_BEDIENERNEU","int","9","0","0","bedienerNeu",""
"1417","Bediener Korrektur","ID_BEDIENERKORR","int","9","0","0","bedienerkorr",""
"1418","Bediener Druck","ID_BEDIENERDRUCK","int","9","0","0","bedienerdruck",""
"1419","Bediener Fibübertrag","ID_BEDIENERFIB","int","9","0","0","bedienerfib",""
"1420","Name Bediener Neubeleg","ID_NAMEBEDIENERNEU","string","9","0","0","bezbedienerneu",""
"1421","Name Bediener Korrektur","ID_NAMEBEDIENERKORR","string","9","0","0","bezbedienerkorr",""
"1422","Name Bediener Druck","ID_NAMEBEDIENERDRUCK","string","9","0","0","bezbedienerdruck",""
"1423","Name Bediener Fibu Übertrag","ID_NAMEBEDIENERFIB","string","9","0","0","bezbedienerfib",""
"1424","Versandadresse ohne Hauptadresse","ID_NURVERSANDADRESSE","void","132","0","5","NurVersandadresse",""
"1425","Anbruch-Kennzeichen","ID_GEBINDE_ANBRUCH","short","1","0","0","gebinde_anbruch",""
"1426","Tournummer","ID_TOURNUMMER","int","8","0","3","tournummer",""
"1427","Kundennummer des Oberkunden","ID_OBERKUNDENNUMMER","int","8","0","3","oberkundennummer",""
"1428","Kundennummer des Zahlungspflichtigen","ID_ZAHLKUNDENNUMMER","int","8","0","3","zahlkundennummer",""
"1429","Automatikzeilen-Kennzeichen","ID_AUTOMATIKZEILE","short","1","0","3","automatikzeile","NUR INTERN!"
"1430","Steuer-Endbetrag nach Korrektur","ID_STEUER_ENDBETRAG","double","20","2","3","steuer_endbetrag","nur intern!"
"1431","Steuer-Endbetrag vor Korrektur","ID_STEUER_ORIGINAL","double","20","2","3","steuer_original","nur intern!"
"1432","Skonto-Endbetrag nach Korrektur","ID_SKONTO_ENDBETRAG","double","20","2","3","skonto_endbetrag","nur intern!"
"1433","Skonto-Endbetrag vor Korrektur","ID_SKONTO_ORIGINAL","double","20","2","3","skonto_original","nur intern!"
"1434","Steuer (ohne Zu-/Abschlag) vor Korrektur","ID_STEUER_ORIGINAL_NACKT","double","20","2","3","steuer_original_nack","NUR INTERN!"
"1435","Rechnungs-Nummer (Warenbewegung)","ID_RECHNUMMER","string","20","0","0","rechnummer",""
"1436","Ergebnis (nach Zu-/Abschlag) netto","ID_NETTO_ERGEBNIS","double","20","2","3","netto_ergebnis",""
"1437","Warenbewegungstyp","ID_WABEWTYP","short","4","0","3","wabewtyp",""
"1438","Warenbewegungsgruppe","ID_WABEWGRUPPE","int","4","0","3","wabewgruppe",""
"1439","Geplantes Lieferdatum (Warenposition)","ID_WABEWPLANDAT","DateTime","10","0","0","wabewplandat",""
"1440","Abschlagsteuer in Währung (Rohware)","ID_FW_ABS_STEUER","double","15","2","3","abschlag",""
"1441","Abschlagbetrag in Währung (Rohware)","ID_FW_ABS_BETRAG","double","15","2","3","abschlag",""
"1442","Globaler Zu-/Abschlag","ID_GLOBALKENNZEICHEN","short","4","0","3","globalkennzeichen",""
"1443","Steuer-Gesamtsumme Abgang","ID_STEUERSUMME_ABG","double","20","2","3","steuersumme_abg",""
"1444","Steuer-Gesamtsumme Abgang","ID_STEUERSUMME_ZUG","double","20","2","3","steuersumme_zug",""
"1445","Anzahl Warenpositionen Abgang","ID_WAPOS_ANZAHL_ABG","int","4","0","3","wapos_anzahl_abg",""
"1446","Anzahl Warenpositionen Zugang","ID_WAPOS_ANZAHL_ZUG","int","4","0","3","wapos_anzahl_zug",""
"1447","Anzahl Vorgänge Abgang","ID_VORG_ANZAHL_ABG","int","4","0","3","vorg_anzahl_abg",""
"1448","Anzahl Vorgänge Zugang","ID_VORG_ANZAHL_ZUG","int","4","0","3","vorg_anzahl_zug",""
"1449","Rohertrag","ID_ROHERTRAG","double","20","2","3","rohertrag",""
"1450","Rohwarenzusatzmaske","ID_RW_ZUSATZMASKE","string","20","0","1","MASKE","nur für internen Gebrauch"
"1451","Rohwarentextposition","ID_RWTEXT_POS","int","2","0","3","textposition",""
"1452","Rohwarenpositionsbezeichnung","ID_RWPOSTEXT","string","40","0","1","positionsbezeichnung",""
"1453","Fremdwährung Nummer","ID_FW_NUMMER","int","4","0","3","fw_nummer",""
"1454","Fremdwährung Text","ID_FW_TEXT","string","5","0","0","fw_text",""
"1455","V_ID eines UrVorgangs","ID_UV_ID","int","0","0","0","ID_UV_ID","nur im Zusammenhang mit Auftrags.teilumwandlung"
"1456","Fremdwährung Kurs","ID_FW_KURS","double","15","4","3","fw_kurs",""
"1457","Fremdwährung Nettobetrag","ID_FW_NETTO","double","15","2","3","fw_netto",""
"1458","Fremdwährung Steuerbetrag","ID_FW_STEUER","double","15","2","3","fw_steuer",""
"1459","Fremdwährung Frachtkosten","ID_FW_FRACHT","double","15","2","3","fw_fracht",""
"1460","Fremdwährung Verpackungskosten","ID_FW_VERPACK","double","15","2","3","fw_verpack",""
"1461","Fremdwährung Warenwert","ID_FW_WARE","double","15","2","3","fw_ware",""
"1462","Fremdwährung Kursfaktor","ID_FW_KURSFAKTOR","double","20","0","0","fw_kursfaktor",""
"1463","Bruttofakturierungs-Kennzeichen","ID_BRUTTOKENNZEICHEN","short","1","0","3","bruttokennzeichen",""
"1464","Betrag (brutto oder netto)","ID_BETRAG","double","20","2","3","betrag",""
"1465","Zu-/Abschlagsbetrag (brutto oder netto)","ID_BETRAGZUAB","double","20","2","3","betragzuab",""
"1466","Wertkorrektur in Zeile (brutto / netto)","ID_BETRAG_INZEILE","double","20","2","3","betrag_inzeile",""
"1467","Betrag unkorrigiert (brutto oder netto)","ID_BETRAG_NACKT","double","20","2","3","betrag_nackt",""
"1468","Kunden-Bemerkung","ID_KUNDBEMERKUNG","string","100","0","0","kundbemerkung",""
"1469","Anzahl Gruppen-Zu-/Abschläge","ID_ZUAB_ANZAHL","int","4","0","3","zuab_anzahl","nur zum technischen Gebrauch!"
"1470","Fremdwährung Skontobetrag","ID_FW_SKONTO","double","20","2","3","fw_skonto",""
"1471","Fremdwährung Skontierfähig","ID_FW_SKONTIERFAEHIG","double","20","2","3","fw_skontierfaehig",""
"1472","Partie-Identifikation","ID_PARTIEID","int","10","0","3","partieid",""
"1473","Partienummer","ID_PARTIENUMMER","int","8","0","3","partienummer",""
"1474","Partiebezeichnung","ID_PARTIEBEZEICH","string","40","0","0","partiebezeich",""
"1475","Strecken-Identifikation","ID_STRECKEID","int","10","0","3","streckeid",""
"1476","Streckennummer","ID_STRECKENUMMER","int","8","0","3","streckenummer",""
"1477","Streckenbezeichnung","ID_STRECKEBEZEICH","string","40","0","0","streckebezeich",""
"1478","Diverser-Kennzeichen","ID_DIVERSER","short","1","0","3","diverser",""
"1479","Partie-Typ (Partie, Strecke, Charge)","ID_PARTIETYP","short","1","0","3","partietyp",""
"1480","Partie-Artikelposition","ID_PARTIEPOSIT","int","8","0","3","partieposit",""
"1481","Partie-Zeitraums-Anfang","ID_PARTIEM_ABDATUM","DateTime","10","0","0","parmezrabdatum",""
"1482","Partie-Restwert Verkauf","ID_PARRESTWERT_VK","double","20","2","3","parrestwert_vk",""
"1483","Partie-Restwert Einkauf","ID_PARRESTWERT_EK","double","20","2","3","parrestwert_ek",""
"1484","Partie-Restmenge Verkauf","ID_PARRESTMENGE_VK","double","20","2","3","parrestmenge_vk",""
"1485","Partie-Restmenge Einkauf","ID_PARRESTMENGE_EK","double","20","2","3","parrestmenge_ek",""
"1486","Partie-Sollwert Verkauf","ID_PARSOLLWERT_VK","double","20","2","3","parsollwert_vk",""
"1487","Partie-Sollwert Einkauf","ID_PARSOLLWERT_EK","double","20","2","3","parsollwert_ek",""
"1488","Partie-Sollmenge Verkauf","ID_PARSOLLMENGE_VK","double","20","2","3","parsollmenge_vk",""
"1489","Partie-Sollmenge Einkauf","ID_PARSOLLMENGE_EK","double","20","2","3","parsollmenge_ek",""
"1490","Analysewert aktiv","ID_ANALYSE_AKTIV","int","1","0","3","analysewert","intern für Masken-Context-Austausch"
"1491","unterer Basiswert aktiv","ID_UBASIS_AKTIV","int","1","0","3","basiswert","nur intern für Masken-Context-Austausch"
"1492","oberer Basiswert aktiv","ID_OBASIS_AKTIV","int","1","0","3","Basiswert","nur intern für Masken-Context-Austausch"
"1493","Anzahl Analyse und Basiswerte","ID_ANBAS_ANZAHL","int","3","0","3","analysebasiszahl","nur intern für Masken-Context-Austausch"
"1494","aktive Context-Sorte","ID_SORTE_AKTIV","int","3","0","3","aktive sorte","nur für Masken-Context-Austausch"
"1495","Verkaufsgebiet Bezeichnung","ID_VERKAUFSGEB_BEZEICH","string","40","0","0","verkaufsgeb_bezeich",""
"1496","LKW-Bezeichnung (Motor)","ID_LKW_BEZEICH_MOTOR","string","40","0","0","lkw_bezeich_motor",""
"1497","LKW-Bezeichnung (Anhänger)","ID_LKW_BEZEICH_ANHAENGER","string","40","0","0","lkw_bezeich_anhaeng",""
"1498","Positionsgewicht","ID_GESAMTGEWICHT","double","20","2","3","gesamtgewicht",""
"1499","Positionsgewicht brutto","ID_GESAMTGEWICHT_BRUTTO","double","20","2","3","gesamtgewicht_brutto",""
"1500","Strecken-Matchcode","ID_STRECKEMATCH","string","20","0","0","streckematch",""
"1501","Rohw.Umwndl.Folgefunktion","ID_RW_UMWL_FOLGEFUNKTION","int","4","0","3","zusatzfunktion","nur für internen Gebrauch!"
"1502","Umwandelziel für ROHW.Umwandl. merken","ID_RW_UMWL_ZIELTYP","int","3","0","3","rwumwandlung","Nur für internen Gebrauch!"
"1503","Folgefunktion bei Belegumwandlung","ID_UMWL_FOLGEFUNKTION","int","3","0","3","umwandlung","Nur für internen Gebrauch !!!"
"1504","Folgefunktion nach Belegdruck","ID_DRUCK_FOLGEFUNKTION","int","3","0","3","druck","Nur für internen Gebrauch!"
"1505","Haupt-Artikelnummer Rohwarenlieferung","ID_RWHPTARTI_NUMMER","string","20","0","0","artinummer",""
"1506","Haupt-ArtikelID Rohwarenlieferung","ID_RWHPTARTI_ID","int","8","0","3","artikelid",""
"1507","Herkunft der Menge in Warenposition","ID_MENGE_HERKUNFT","short","0","0","4","MengenHerkunft",""
"1508","Kundenhauptadresse","ID_ADRESSKUNDZUORD","void","132","0","5","ADRKUNDZUORD","Hauptadresse des Kunden"
"1509","Rohwaren-Liefererfassungsnummer","ID_RWLIEFER_NUMNUMMER","int","8","0","3","liefernummer",""
"1510","Lagernummer-Vorbesetzung","ID_LAGERNUMMER_FEHL","int","8","0","3","lagernummervorbesetz",""
"1511","ArtikelAuspr. Kennzeichen im Stamm","ID_AUSPR_KENNZ","short","0","0","4","ID_AUSPR_KENNZ",""
"1512","Erfassungs-Stapel","ID_STAPELNUMMER","int","8","0","3","stapelnummer",""
"1513","Abschlagsatz Vorgabe","ID_RWABSCHLAG_SATZ","double","15","2","3","abschlagsatz",""
"1514","Abschlagsbetrag Vorgabe","ID_RWABSCHLAG_BETRAG","double","15","2","3","abschlagbetrag",""
"1515","Zahlart Abschlag","ID_RWZA_ABS","short","4","0","3","zahlartabs",""
"1516","Zahlart Folge-Abschlag","ID_RWZA_FABS","short","4","0","3","zahlartfolgeabs",""
"1517","Zahlart Finalabrechnung","ID_RWZA_FIN","short","4","0","3","zahlartfinale",""
"1518","Zahlart Nachvergütung","ID_RWZA_NVG","short","4","0","3","zahlartnachverg",""
"1519","Zahlungsbedingung Abschlag","ID_RWZB_ABS","short","8","0","0","zahlbedabs",""
"1520","Zahlungsbedingung Folge-Abschlag","ID_RWZB_FABS","short","8","0","0","zahlbedfolgeabs",""
"1521","Zahlungsbedingung Finalabrechnung","ID_RWZB_FIN","short","8","0","0","zahlbedfinale",""
"1522","Zahlungsbedingung Nachvergütung","ID_RWZB_NVG","short","8","0","0","zahlbednachverg",""
"1523","Formular Abschlag","ID_FRM_ABS","int","8","0","3","formularabs",""
"1524","Formular Folge-Abschlag","ID_FRM_FABS","int","8","0","3","formularfolgeabs",""
"1525","Formular Finalabrechnung","ID_FRM_FIN","int","8","0","3","formularfinale",""
"1526","Formular Nachvergütung","ID_FRM_NVG","int","8","0","3","formularnachverg",""
"1527","Abschlagstatus","ID_RWSTATUS_ABS","short","4","0","3","statusabs",""
"1528","Folgeabschlagstatus","ID_RWSTATUS_FABS","short","4","0","3","statusfolgeabs",""
"1529","Finalstatus","ID_RWSTATUS_FIN","short","4","0","3","statusfinale",""
"1530","Nachvergütungsstatus","ID_RWSTATUS_NVG","short","8","0","3","statusnachverg",""
"1531","Lagerplatzvorbelegung","ID_LAGERPLATZ_FEHL","int","8","0","3","lagerplatz","Lagerplatzvorbelegung im Vorgangstamm"
"1532","Richtung der RohwarenVorgangs","ID_RWRICHTUNG","short","4","0","0","rwrichtung",""
"1533","Typ der Rohwarenabrechnung","ID_RWTYP","short","4","0","0","rwtyp",""
"1534","Exportstatus","ID_V_STATUSEXP","short","0","0","0","ID_V_STATUSEXP","Exportstatus"
"1535","Importstatus","ID_V_STATUSIMP","short","0","0","0","ID_V_STATUSIMP","Importstatus"
"1536","Partie IST Menge VK","ID_PARTIE_IST_MENGE_VK","double","0","0","0","PartieISTMenge_VK",""
"1537","Partie IST Menge VK Korrektur","ID_PARTIE_IST_MENGE_KORR_VK","double","0","0","0","PartieISTMengeKor_VK",""
"1538","Partie IST Menge EK","ID_PARTIE_IST_MENGE_EK","double","0","0","0","PartieISTMenge_EK",""
"1539","Partie IST Menge EK Korrektur","ID_PARTIE_IST_MENGE_KORR_EK","double","0","0","0","PartieISTMengeKor_EK",""
"1540","Partie IST Wert VK","ID_PARTIE_IST_WERT_VK","double","0","0","0","PartieISTWertVK",""
"1541","Partie IST Wert EK","ID_PARTIE_IST_WERT_EK","double","0","0","0","PartieISTWertEK",""
"1542","Sammeldruck-Nummer Rohware","ID_RW_SADR_NUMMER","int","12","0","3","rohwaresammel",""
"1543","Sammel-Formular Abschlag","ID_SFRM_ABS","int","8","0","3","sammelformularabs","nur für internen Gebrauch"
"1544","Sammelformular Folge-Abschlag","ID_SFRM_FABS","int","8","0","3","sammelformularfabs","nur für internen Gebrauch"
"1545","Sammelformular Finale","ID_SFRM_FIN","int","8","0","3","sammelformularfin","nur für internen Gebrauch"
"1546","Folgeartikelkennzeichen","ID_FOLGEKENNZ","short","1","0","0","ID_FOLGEKENNZ","Status des Folgeartikels"
"1547","Artikeltext Rohware-Fuß","ID_RWFUSS_ARTTEXT","string","255","0","0","artikeltext_rw_fuss","Parameter = Referenznummer"
"1548","Artikeltextanzahl","ID_ARTITEXTANZ","int","20","0","0","Artikeltextanzahl","Artikeltextanzahl"
"1549","Rohware-Artikel-Positions-Bezeichnung","ID_RWART_BEZ","string","80","0","0","rohwareartikelbez",""
"1550","Anzahl","ID_ANZAHL","int","10","0","0","anzahl",""
"1551","Ausgangspreis Abschlag ( Rohware )","ID_RWAAPREIS","double","15","3","3","preis",""
"1552","End-Abschlag-Preis (  Rohware )","ID_RWEAPREIS","double","15","3","3","preis",""
"1553","Ausgangs-Produktpreis","ID_RWAPPREIS","double","15","3","3","preis",""
"1554","End-Produkt-Preis ( Rohware )","ID_RWEPPREIS","double","15","3","3","preis",""
"1555","Anfangs-Weltmarkt-Preis ( Rohware )","ID_RWAWPREIS","double","15","3","3","preis",""
"1556","End-Weltmarkt-Preis ( Rohware )","ID_RWEWPREIS","double","15","3","3","preis",""
"1557","Anfangs-Mindest-Preis ( Rohware )","ID_RWAMPREIS","double","15","3","3","preis",""
"1558","End-Mindest-Preis ( Rohware )","ID_RWEMPREIS","double","15","3","3","preis",""
"1559","Quell-Sammeldrucknummer Rohware","ID_RW_QSADR_NUMMER","int","12","0","3","rohware",""
"1560","Abschlagpreisüberschreibsperre","ID_RWAPREISFIX","short","4","0","3","preiskennz",""
"1561","Produktpreisüberschreibsperre","ID_RWPPREISFIX","short","4","0","3","preiskennz",""
"1562","Weltmarktpreisüberschreibsperre","ID_RWWPREISFIX","short","4","0","3","preiskennz",""
"1563","Mindestpreisüberschreibsperre","ID_RWMPREISFIX","short","4","0","3","preiskennz",""
"1564","manueller EK-Preis im Verkauf","ID_EK_MANU_PREIS","double","15","2","0","MANU_EKPREIS","siehe SPA Gruppe 11, No. 30"
"1565","Bezugstyp manueller EK im Verkauf","ID_EK_MANU_PREIS_TYP","short","3","0","0","EK_MANU_TYP","siehe SPA Gruppe 11,No. 30"
"1566","ME_Preis manueller EK im Verkauf","ID_EK_MANU_ME_PREIS","double","8","0","0","EK_MANU_ME",""
"1567","Preiseinheit manueller EK im Verkauf","ID_EK_MANU_PREISEINH","double","15","2","0","EK_MANU_PE",""
"1568","Marge oder Abschlag Wert","ID_EK_MANU_MA","double","0","0","0","EK_MANU_MA",""
"1569","Marge oder Abschlag manueller EK im VK","ID_EK_MANU_MA_TYP","double","0","0","0","EK_MANU_MA_TYP",""
"1570","Bruttomenge ( Einstellmenge ) Rohware","ID_BRUTTOMENGE","double","15","0","3","menge brutto",""
"1571","Nettomenge ( Abrechn.menge ) Rohware","ID_NETTOMENGE","double","15","0","3","menge netto",""
"1572","Kontraktmengen-Buchungstyp","ID_RW_KTR_MBUCHTYP","short","10","0","3","mengentyp kontrakt","Netto- / Bruttomenge"
"1573","Kontraktmenge der Position","ID_RW_KTRMENGE","double","15","0","3","kontraktmenge",""
"1574","Kontraktmengendifferenz","ID_RW_KTRMENGEIST","double","15","0","3","kontraktmenge","bis zum Vorbeleg gebuchte Menge"
"1575","Kontraktid bisher","ID_RW_KTRID_ALT","int","10","0","3","Kontrakt alt",""
"1576","RW_KontraktmengeSoll d. Beleges","ID_RW_KTRMENGESOLL","double","15","0","3","konraktmenge",""
"1577","Vorbelegung Rohwarebelegdatumbehandlung","ID_RW_BELDATV_TYP","short","1","0","0","Rohwarebelegdatum",""
"1578","Vorbelegung Rohwarevalutadatumbehandlung","ID_RW_VALDATV_TYP","short","10","0","0","RohwareValutaDatum",""
"1579","Quellklasse für schnelle Teildisposition","ID_FTD_VKLASSE","int","0","0","0","ftd_vklasse",""
"1580","Kennz für lagerübergreifende Teildispo","ID_FTD_LAGERUEBER","short","0","0","0","ftd_lagerueber",""
"1581","Mengeneinheit Produktpreis Rohware","ID_RWPPRSME","int","8","0","3","mepreis",""
"1582","Mengeneinheit Abschlagpreis Rohware","ID_RWAPRSME","int","8","0","3","mepreis",""
"1583","Mengeneinheit Weltmarktpreis Rohware","ID_RWWPRSME","int","8","0","3","mepreis",""
"1584","Mengeneinheit Mindestpreis Rohware","ID_RWMPRSME","int","8","0","3","mepreis",""
"1585","Rohware-Kostensatz im Beleg","ID_RWKST_SATZ","double","15","3","3","kostensatz","nur für internen Gebrauch!"
"1586","Rohware-Kostenbetrag im Beleg","ID_RWKST_BETRAG","double","15","2","3","kostenbetrag","nur für internen Gebrauch"
"1587","Rohware-Kostenmenge im Beleg","ID_RWKST_MENGE","double","10","0","3","kostenmenge","nur für internen Gebrauch!"
"1588","Kostenwerte neu im Kostensatz","ID_RWKST_ANZEIGE","double","1","0","3","kostenanzeige","nur für internen Gebrauch"
"1589","Rohware-Kosten-Vor-Menge","ID_RWKST_VMENGE","double","15","2","3","kostenvormenge",""
"1590","Kostenposition inaktiv","ID_RWKST_INAKTIV","string","1","0","0","Kosten","* bei inaktiver Kostenposition"
"1591","Preiseinheit Produktpreis Rohware","ID_RWPPRSPE","double","15","3","3","pepreis",""
"1592","Preiseinheit Abschlagpreis Rohware","ID_RWAPRSPE","double","15","3","3","pepreis",""
"1593","Preiseinheit Weltmarktpreis Rohware","ID_RWWPRSPE","double","15","3","3","pepreis",""
"1594","Preiseinheit Mindestpreis Rohware","ID_RWMPRSPE","double","15","3","3","pepreis",""
"1595","Obere Intervallgrenze","ID_RW_OBINT","double","13","2","3","obint",""
"1596","Untere Intervallgrenze","ID_RW_UNTINT","double","13","2","3","untint",""
"1597","Ergebnismenge","ID_ERGEBNISMENGE","double","13","2","3","ergmen",""
"1598","Ergebnispreis","ID_ERGEBNISPREIS","double","13","2","3","ergpr",""
"1599","Rohwaren-Einstandspreis","ID_RWEINSTANDSPREIS","double","10","3","3","einstandpreis","Final-/Abschlagpreis"
"1600","Anzahl Nachkommastellen","ID_NACHKOMMA_STELLEN","int","2","0","3","nachkomma",""
"1601","Feuchtigkeit","ID_RWPROT_FEUCHTWERT","double","8","2","3","feuchtigkeit",""
"1602","Feuchtmenge 1. Ware","ID_RWPROT_FEUCHTMENGE1","double","12","2","3","menge-ware2",""
"1603","Feuchtmenge 2. Ware","ID_RWPROT_FEUCHTMENGE2","double","12","2","3","menge-ware2",""
"1604","Abrechnungspreis 1. Ware","ID_RWPROT_ABRPREIS","double","12","3","3","einstandspreis",""
"1605","Saatgut-Fruchtart","ID_SAATFRUNUMMER","int","8","0","3","saatfrunummer",""
"1606","RW-Analyse-Proben-Anzahl","ID_RW_PROBANZ","int","2","0","0","Probenanzahl","Anzahl der Proben für RW-Analysen"
"1607","RW Menge von Owaage","ID_RWMENGE_OWAAGE","double","15","0","0","Rohware Waage Menge","Nur für interne Verwendung"
"1608","RW-Auswertungsnummer","ID_RWAUSWERT_NUMMER","int","10","0","3","rohwareauswertungsnr","Rohware intern"
"1609","Rohwarelieferdatum","ID_RW_LIEFDATUM","DateTime","10","0","0","lieferdatum","Datum des zugeh. RW-Lieferscheins"
"1610","Mengeneinheits-Langtext","ID_ME_LANGTEXT","string","40","0","0","melangtext",""
"1611","Preismengeneinheits-Langtext","ID_ME_LANGTEXTPREIS","string","40","0","0","me_langtextpreis",""
"1612","Gebindemengeneinheit Langtext","ID_GEBINDEME_LANGTEXT","string","40","0","0","gebmelangtext",""
"1613","Gebinde Erg. ME Langtext","ID_GEBINDEERGME_LANGTEXT","string","40","0","0","gebergtext",""
"1614","Grundmengeneinheits Langtext","ID_GRUNDEINHEIT_LANGTEXT","string","40","0","0","Grundeinheit_langtex",""
"1616","Betrag Vorgängerbeleg","ID_PREABS_BETRAG","double","20","2","3","betrag",""
"1617","Belegnummer Vorgängerbeleg","ID_PREABS_NUMMER","int","8","0","3","Nummer",""
"1618","Belegdatum Vorgängerbeleg","ID_PREABS_V_DATUM","DateTime","10","0","0","Vorgangsdatum",""
"1619","Druckdatum Vorgängerbeleg","ID_PREABS_DRUCKDATUM","DateTime","10","0","0","druckdatum",""
"1620","Rohwareabschlagtyp Vorgängerbeleg","ID_PREABS_RWTYP","short","4","0","0","rwtyp",""
"1621","Sammeldruck-Unternummer Rohware","ID_RW_SADR_UNUMMER","int","5","0","3","rohwaresammel",""
"1622","Sammeldruck-StornoNummer Rohware","ID_RW_SADR_STNUMMER","int","12","0","3","rohwaresammel",""
"1623","Sammeldruck-Storno-Unternummer Rohware","ID_RW_SADR_STUNUMMER","int","5","0","3","rohwaresammel",""
"1624","Externe Referenznummer Rohware","ID_RW_REFERENZ_EXTERN","string","20","0","0","Referenz",""
"1625","CEMAIN-Zahlungsbed.Nummer","ID_RWZB_NUMMER","int","8","0","3","zb-nummer","nur für internen Gebrauch"
"1626","CEMAIN-Zahlungsbed.Typ","ID_RWZB_TYP","short","4","0","3","zb-typ","nur für internen Gebrauch"
"1627","CEMAIN-Zahlungsbed.Zieldatum","ID_RWZB_ZDATUM","DateTime","8","0","3","zb-zieldatum","nur für internen Gebrauch"
"1628","CEMAIN-Zahlungsbed.Zieltage","ID_RWZB_ZTAGE","int","3","0","3","zb-zieltage","nur für internen Gebrauch"
"1629","CEMAIN-Zahlungsbed.Skontotage","ID_RWZB_STAGE","int","3","0","3","zb-sjontotage","nur für internen Gebrauch"
"1630","CEMAIN-Zahlungsbed.Skontosatz","ID_RWZB_SSATZ","double","8","0","3","zb-skontosatz","nur für internen Gebrauch"
"1631","CEMAIN-Zahlungsbed.Skontodatum","ID_RWZB_SDATUM","DateTime","8","0","3","zb_skontodatum",""
"1632","Maskentext für Rohwaren-ZB-Masken","ID_RWZB_TITEL","string","40","0","0","maskentext","Nur für internen Gebrauch"
"1633","Rohwaren-Vorgangs-Kennzeichen","ID_V_KENNZ_ROHWARE","short","1","0","3","v_kennzrohware",""
"1634","Abrechnung nach Jahreswechsel geplant","ID_ABR_PLAN_NACH_JW","short","4","0","3","abrechnungnachJahrw.","Jahrewsübergreifende Abrechnung geplant"
"1635","Beförderungskategorie Gefahrgut","ID_GEFAHR_BEFOERDERKAT","int","2","0","3","gefahrgut",""
"1636","Gefahrgutmenge pro Grundmengeneinheit","ID_GEFAHR_ME_PRO_GRDME","double","14","2","3","gefahrgut",""
"1637","Anzahl Grundmengeneinh. Gefahrgutmenge","ID_GEFAHR_MEFAKT_PRO_GRDME","double","14","2","3","gefahrgut",""
"1638","Beförderungskategoriepunkte","ID_GEFAHR_KATEGORIEPUNKTE","double","14","0","3","gefahrgut",""
"1639","Gefahrgutmenge (Brutto,Nettomasse,Vol.)","ID_GEFAHR_MENGE","double","14","2","3","gefahrgut",""
"1640","Rohware-Ergänzungswert","ID_RW_ERGWERT","double","8","0","3","zusatz",""
"1641","Label für Rohware-Ergänzungswert","ID_RW_ERGWERTLABEL","string","40","0","0","zusatz",""
"1642","Text aus Rohware-Ergänzungswert","ID_RW_ERGWERTTEXT","string","40","0","0","zusatz",""
"1643","Rohware-Ergänzungstext","ID_RW_ERGTEXT","string","255","0","0","zusatz",""
"1644","Label für Rohware-Ergänzungstext","ID_RW_ERGTEXTLABEL","string","40","0","0","zusatz",""
"1650","Abschlagszahlbed.-Zieldatum","ID_RWZBABS_ZDATUM","DateTime","8","0","3","rwzahlb.-zieldatum",""
"1651","Abschl.zahlbed.-Zieltage","ID_RWZBABS_ZTAGE","int","3","0","3","rwzahlb.-zieltage",""
"1652","Abschl.zahlbed.-Skontotage","ID_RWZBABS_STAGE","int","3","0","3","rwzahlb.-skontotage",""
"1653","Abschl.zahlbed.-Skontodatum","ID_RWZBABS_SDATUM","DateTime","8","0","3","rwzahlb.-skontodatum",""
"1654","Abschl.zahlbed.-Skontosatz","ID_RWZBABS_SSATZ","double","8","2","3","rwzahlb.-skontosatz",""
"1655","Folgeabs.zahlbed.-Zieldatum","ID_RWZBFABS_ZDATUM","DateTime","8","0","3","rwzahlb.-zieldatum",""
"1656","Folgeabs.zahlbed.-Zieltage","ID_RWZBFABS_ZTAGE","int","3","0","3","rwzahlb.-zieltage",""
"1657","Folgeabs.zahlbed.-Skontotage","ID_RWZBFABS_STAGE","int","3","0","3","rwzahlb.-skontotage",""
"1658","Folgeabschl.zahlbed.-Skontodatum","ID_RWZBFABS_SDATUM","DateTime","8","0","3","rwzahlb.-skontodatum",""
"1659","Folgeabschl.zahlbed.-Skontosatz","ID_RWZBFABS_SSATZ","double","8","2","3","rwzahlb.-skontosatz",""
"1660","Finalabs.zahlbed.-Zieldatum","ID_RWZBFIN_ZDATUM","DateTime","8","0","3","rwzahlb.-zieldatum",""
"1661","Final.zahlbed.-Zieltage","ID_RWZBFIN_ZTAGE","int","3","0","3","rwzahlb.-zieltage",""
"1662","Final.zahlbed.-Skontotage","ID_RWZBFIN_STAGE","int","3","0","3","rwzahlb.-skontotage",""
"1663","Final.zahlbed.-Skontodatum","ID_RWZBFIN_SDATUM","DateTime","8","0","3","rwzahlb.-skontodatum",""
"1664","Final.zahlbed.-Skontosatz","ID_RWZBFIN_SSATZ","double","8","2","3","rwzahlb.-skontosatz",""
"1665","Nachv.zahlbed.-Zieldatum","ID_RWZBNVG_ZDATUM","DateTime","8","0","3","rwzahlb.-zieldatum",""
"1666","Nachv.zahlbed.-Zieltage","ID_RWZBNVG_ZTAGE","int","8","0","3","rwzahlb.-zieltage",""
"1667","Nachv.zahlbed.-Skontotage","ID_RWZBNVG_STAGE","int","3","0","3","rwzahlb.-skontotage",""
"1668","Nachv.zahlbed.-Skontodatum","ID_RWZBNVG_SDATUM","DateTime","8","0","3","rwzahlb.-skontodatum",""
"1669","Nachverg.zahlbed.-Skontosatz","ID_RWZBNVG_SSATZ","double","8","2","3","rwzahlb.-skontosatz",""
"1670","Betrag bei Preiszu-/abschlag","ID_RW_QBETR","double","16","2","3","Qualitätsbetrag",""
"1673","Rabattbezeichnung","ID_IRB_RABATTBEZEICH","string","40","0","0","rabatt","Für internen Gebrauch ( Pflegemodule )"
"1674","Rabatt-Steuerschlüssel","ID_IRB_RABATTSTEUERSCHL","int","4","0","0","rabatt","Für internen Gebrauch ( Pflegemodule )"
"1675","Rabatt-Ab-Datum","ID_IRB_RABATTABDATUM","DateTime","10","0","0","rabatt","Für internen Gebrauch ( Pflegemodule )"
"1676","Rabatt-Bis-Datum","ID_IRB_RABATTBISDATUM","DateTime","10","0","0","rabatt","Für internen Gebrauch ( Pflegemodule )"
"1677","Rabattformel","ID_IRB_RABATTFORMEL","int","4","0","0","rabatt","Für internen Gebrauch ( Pflegemodule )"
"1678","Rabattwert","ID_IRB_RABATTWERT","double","14","4","0","rabatt","Für internen Gebrauch ( Pflegemodule )"
"1679","Rabatt-Bruttopreis","ID_IRB_RABATTBRUTTO","double","14","4","0","rabatt","Für internen Gebrauch ( Pflegemodule )"
"1680","Sortenbezeichn. Rohware","ID_SORTE_BEZ","string","40","0","0","sorte",""
"1681","Rohwarengruppenbezeichnung","ID_ROHWGRP_BEZ","string","40","0","0","Rohware",""
"1682","Manuell eingegebenes Kostenmengenfeld","ID_KSTMG_MANUELL","short","4","0","0","Rohwarewert Manuell","Internes Merkfeld"
"1683","Manuell eingegebenes Kostenpreisfeld","ID_KSTPRS_MANUELL","short","4","0","0","Rohwarewert Manuell","Internes Merkfeld"
"1684","Manuell eingegebenes Kostenbetragsfeld","ID_KSTBETR_MANUELL","short","4","0","0","Rohwarewert Manuell","Internes Merkfeld"
"1685","Manuell eingegebenes ZU-AB Feld","ID_QUZUAB_MANUELL","short","4","0","0","Rohwarewert Manuell","Internes Merkfeld"
"1700","Fehlertext & param transf. JPL-SV_VERT","ID_JPL_FEHLERTEXT","string","0","0","0","fehlertext jpl","nur für internen Gebrauch"
"1701","Preislisten-Nummer","ID_PREISLISNUMMER","int","8","0","3","preislistennummer","für internen Gebrauch"
"1702","Preislistenbezeichnung","ID_PREISLISBEZEICH","string","40","0","1","preisliste","für internen Gebrauch"
"1703","Datum des aktuellen Zeitraumes","ID_AKT_ZRDATUM","DateTime","10","0","0","zeitraum","nur für internen Gebrauch"
"1704","Preis-Matrix-Bezeichnung","ID_PREISMATBEZEICH","string","40","0","1","preismatrix","nur für internen Gebrauch"
"1705","Sollpreis (mit In-Zeile-Zu-/Abschlägen)","ID_SOLLPREIS","double","20","2","3","sollpreis",""
"1706","Sollpreis (ohne Zu-/Abschläge)","ID_SOLLPREIS_NACKT","double","20","2","3","sollpreis_nackt",""
"1707","Preiseinheit Sollpreis","ID_SOLLPREISEINHEIT","int","20","0","3","sollpreiseinh",""
"1708","Preis-Mengeneinheit Sollpreis","ID_ME_NUMMER_SOLLPREIS","int","8","0","3","me_nummersollpreis",""
"1709","Filailnummer Filia","ID_FILIALEFIL","int","8","0","3","Filialilanummerinter",""
"1710","Artikeltext2","ID_ARTIKELTEXT2","string","255","0","0","Artikeltext2",""
"1711","Rechenformel Fremdwährung","ID_FW_RECHFORMEL","short","2","0","0","FW-rechenformel",""
"1712","Kalkulat.-Schemanummer","ID_PRKALKSCHNUMMER","int","8","0","0","preiskalkulation","nur für internen Gebrauch"
"1713","Zahlungsbedingung manuelles Bezugsdatum","ID_ZAHLBEDMANUELLBEZUGSDATUM","DateTime","10","0","0","ZAHLBEDMANUELLBEZUGS",""
"1714","Zahlungsbedingunszielverlängerungstage","ID_ZAHLBEDZIELVERLAENGERUNGSTAGE","int","8","0","0","ZAHLBEDZIELVERLAENGE",""
"1715","Zahlungsbedingungzielverlängerung","ID_ZAHLBEDZIELVERLAENGERUNG","int","10","0","0","ZAHLBEDZIELVERLAENGE",""
"1720","Kunden-/Lieferantenbezeichnung","ID_KUNDEN_LIEFERANTEN_BEZEICHNUNG","string","40","0","0","Bezeichnung",""
"1721","Lieferantenspezifische Artikelnummer","ID_ARTIKELNUMMER_LIEFERANT","string","30","0","0","artikelnummer",""
"1722","Kundenspezifische Artikelnummer","ID_ARTIKELNUMMER_KUNDE","string","30","0","0","artikelnummer",""
"1723","Lieferantenspezifische Artikel_EAN","ID_ARTIKEL_EAN_LIEFERANT","string","30","0","0","artikelean",""
"1724","Kunden/Lieferantenspez. Artikeltext1","ID_ARTIKELTEXT1_KUNDE","string","255","0","0","artikeltext",""
"1725","Kunden/Lieferantenspez. Artikeltext2","ID_ARTIKELTEXT2_KUNDE","string","255","0","0","artikeltext",""
"1726","LiferantenID in Verkaufsposition","ID_LIEFERANT_IMVK","int","10","0","3","Lieferant","ID aus Kundenstamm des Lieferanten"
"1730","Sperrbemerkung","ID_SPERRBEMERKUNG","string","255","0","0","Sperrbemerkung",""
"1750","Gruppenanfangs-Beschriftung","ID_TEXT_GRUPPENANFANG","string","100","0","0","text_gruppenanfang",""
"1751","Gruppenabschluß-Beschriftung","ID_TEXT_GRUPPENENDE","string","100","0","0","text_gruppenende",""
"1752","Warenwert zu Einstandspreisen","ID_EINSTANDSWERT","double","20","2","3","einstandswert",""
"1753","Provisionssatz","ID_PROVISIONSSATZ","double","12","2","3","provisionssatz",""
"1754","Skontierfähiger Betrag","ID_SKONTIERF_BETRAG","double","20","2","3","skontierf_betrag",""
"1755","Betrag glob.ZuAbschlag 1","ID_BETRAG_GLOBZUAB1","double","16","0","3","Betrag GlobZuab 1",""
"1756","Betrag glob ZuAbschlag 2","ID_BETRAG_GLOBZUAB2","double","16","2","3","Betrag Gon Zuab1",""
"1757","Summe Zu-/Abschlag nach Klasse","ID_SUMMZUAB_KLASSE","double","16","2","3","summzuab_klasse",""
"1758","Summe Zu-/Abschlag nach Gruppe","ID_SUMMZUAB_GRUPPE","double","16","2","3","summzuab_gruppe",""
"1759","Summe Zu-/Abschlag nach Tabelle","ID_SUMMZUAB_TABELLE","double","16","2","3","summzuab_tabelle",""
"1760","Satz Zu-/Abschlag nach Klasse","ID_SATZZUAB_KLASSE","double","16","2","3","satzzuab_klasse",""
"1761","Satz Zu-/Abschlag nach Gruppe","ID_SATZZUAB_GRUPPE","double","16","2","3","satzzuab_gruppe",""
"1762","Satz Zu-/Abschlag nach Tabelle","ID_SATZZUAB_TABELLE","double","16","2","3","satzzuab_tabelle",""
"1763","JPL Abschluss Prozedur","ID_JPL_ABSCHLUSS","string","0","0","0","Jpl SV Abschluss",""
"1764","Adresse Abgangslager","ID_ADRESSELAGER_ABG","void","132","1","5","Adresse Lager Abg",""
"1765","Adresse Zugangslager","ID_ADRESSELAGER_ZUG","void","132","1","5","Adresse lager Zugang",""
"1766","Pruefmenge","ID_PRUEFMENGE","double","16","2","3","pruefmenge",""
"1767","Lieferwoche","ID_LIEFERWOCHE","int","3","0","3","Lieferwoche",""
"1768","Artikenummer in Zusatz2","ID_ARTINUM_ZUSATZ2","void","20","0","0","ArtikelnZusatz2",""
"1769","Artikeltext in Zusatz2","ID_ARTITXT_ZUSATZ2","string","132","0","0","text in Zusatz2",""
"1770","Id Für Bemerkkungstexterweiterung","ID_V_BEMID","int","0","0","0","bemId",""
"1771","Bemerktext1","ID_V_BEMTEXT1","string","40","0","0","Bemerktext1",""
"1772","Bemerktext2","ID_V_BEMTEXT2","string","40","0","0","Bemerktext2",""
"1773","Bemerktext3","ID_V_BEMTEXT3","string","40","0","0","Bemerktext3",""
"1774","Bemerktext4","ID_V_BEMTEXT4","string","40","0","0","bemerktext4",""
"1775","Bemerktext5","ID_V_BEMTEXT5","string","40","0","0","Bemerktext5",""
"1776","Bemerktext1 lang","ID_V_BEMLANGTEXT1","string","100","0","0","Bemerktextlang",""
"1777","Ob ein Artikel Saatgutartikel ist","ID_IST_SAATGUT","short","0","0","0","IstSaatGutArtikel",""
"1778","Text Zu-/Abschlag nach Klasse","ID_TEXTZUAB_KLASSE","string","40","0","0","textzuab_klasse",""
"1779","Text Zu-/Abschlag nach Gruppe","ID_TEXTZUAB_GRUPPE","string","40","0","0","textzuab_gruppe",""
"1780","Text Zu-/Abschlag nach Tabelle","ID_TEXTZUAB_TABELLE","string","40","0","0","textzuab_tabelle",""
"1781","Steuerschl. Zu-/Abschlag nach Klasse","ID_STEUSCHL_KLASSE","int","4","0","3","steuschl_klasse",""
"1782","Steuerschl. Zu-/Abschlag nach Gruppe","ID_STEUSCHL_GRUPPE","int","4","0","3","steuschl_gruppe",""
"1783","Steuerschl. Zu-/Abschlag nach Tabelle","ID_STEUSCHL_TABELLE","int","4","0","3","steuschl_tabelle",""
"1789","Erfassungs-Id","ID_ERFASSID","int","10","0","3","erfassid",""
"1790","Ergebnismenge nach Faktor 1","ID_ZWISCHENMENGE_1","double","20","2","3","zwischenmenge_1",""
"1791","Ergebnismenge nach Faktor 2","ID_ZWISCHENMENGE_2","double","20","2","3","zwischenmenge_2",""
"1792","Ergebnismenge nach Faktor 3","ID_ZWISCHENMENGE_3","double","20","2","3","zwischenmenge_3",""
"1797","Mengeneinheitsnummer Gebinde","ID_ME_NUMMERGEBINDE","int","8","0","0","me_nummergebinde",""
"1798","Mengeneinheitsbezeichnung Gebinde","ID_ME_BEZEICHNUNGGEBINDE","string","40","0","0","me_bezeichnunggebind",""
"1799","Gebindeanzahl (Eingabe Disposition)","ID_EINGABEANZAHL","double","20","4","0","eingabeanzahl","nicht einrichtbar"
"1800","Disponierbarkeitskennzeichen (Teilumw.)","ID_QV_DISPONIERBAR","short","2","0","3","qv_disponierbar","Nicht für Formulareinrichtung"
"1801","Lagernummer Abgangslager","ID_LAGERNUMMER_ABG","int","8","0","0","lagernummerabg",""
"1802","Lagerplatznummer Abgangslager","ID_LAGERPLATZ_ABG","int","4","0","0","lagerplatzabg",""
"1803","Artikelnummer Abgangslager","ID_ARTIKELNUMMER_ABG","string","20","0","0","artikelnummer_abg",""
"1804","Lagernummer Zugangslager","ID_LAGERNUMMER_ZUG","int","8","0","0","lagernummerzug",""
"1805","Lagerplatznummer Zugangslager","ID_LAGERPLATZ_ZUG","int","4","0","0","lagerplatzzug",""
"1806","Artikelnummer Zugangslager","ID_ARTIKELNUMMER_ZUG","string","20","0","0","artikelnummer_zug",""
"1807","Artikel-Identifikation Abgangslager","ID_ARTIKELID_ABG","int","10","0","0","artikelid_abg","nur intern!"
"1808","Artikel-Identifikation Zugangslager","ID_ARTIKELID_ZUG","int","10","0","0","artikelid_zug","nur intern!"
"1809","Artikelbezeichnung Abgangslager","ID_ARTIKELBEZEICHNUNG_ABG","string","40","0","0","artikelbezeich_abg",""
"1810","Artikelbezeichnung Zugangslager","ID_ARTIKELBEZEICHNUNG_ZUG","string","40","0","0","artikelbezeich_zug",""
"1811","Mengensumme Zugang","ID_MENGENSUMME_ZUG","double","20","2","0","mengensumme_zug",""
"1812","Mengensumme Abgang","ID_MENGENSUMME_ABG","double","20","2","0","mengensumme_abg",""
"1813","Gewichtsumme Zugang","ID_GEWICHTSUMME_ZUG","double","20","2","0","gewichtsumme_zug",""
"1814","Gewichtsumme Abgang","ID_GEWICHTSUMME_ABG","double","20","2","0","gewichtsumme_abg",""
"1815","Nettosumme Zugang","ID_NETTOSUMME_ZUG","double","20","2","0","nettosumme_zug",""
"1816","Nettosumme Abgang","ID_NETTOSUMME_ABG","double","20","2","0","nettosumme_abg",""
"1817","Bezeichnung Abgangslager","ID_LAGERBEZEICHNUNG_ABG","string","40","0","0","lagerbezeichnung_abg",""
"1818","Bezeichnung Zugangslager","ID_LAGERBEZEICHNUNG_ZUG","string","40","0","0","lagerbezeichnung_zug",""
"1819","Bezeichnung Abgangslagerplatz","ID_LAGERPLATZBEZ_ABG","string","40","0","0","lagerplatzbez_abg",""
"1820","Bezeichnung Zugangslagerplatz","ID_LAGERPLATZBEZ_ZUG","string","40","0","0","lagerplatzbez_zug",""
"1821","Positionsnummer Ware","ID_POSNUMMER","int","5","0","3","Positionsnummer",""
"1822","Empfohl.VK Preis","ID_EMPFVKP","double","16","2","3","Empf_VKP",""
"1823","Empf.VKP-Einheit","ID_EMPFVKPE","double","16","0","3","Empf_VerkPreiseinhei",""
"1824","Fiktive Liefermenge","ID_MENGE_FIKTIV","double","20","2","0","menge_fiktiv",""
"1825","Fiktive Liefermenge: Mengeneinheits-Nr.","ID_ME_NUMMER_FIKTIV","int","8","0","0","me_nummer_fiktiv",""
"1826","Fiktive Liefermenge: Mengeneinheits-Text","ID_ME_TEXT_FIKTIV","string","6","0","0","me_text_fiktiv",""
"1827","Fiktive Liefermenge: Mengeneinheits-Bez.","ID_ME_BEZEICHNUNG_FIKTIV","string","40","0","0","me_bezeichnung_fikti",""
"1828","Paritätsnummer","ID_PARITAETNUMMER","int","8","0","0","paritaetnummer",""
"1829","Paritätsbezeichnung","ID_PARITAETBEZEICH","string","40","0","0","paritaetbezeich",""
"1830","Lagerplatz-Bezeichnung","ID_LAGERPLATZBEZ","string","40","0","0","lagerplatzbez",""
"1831","Lager-Bezeichnung","ID_LAGERBEZEICHNUNG","string","40","0","0","lagerbezeichnung",""
"1832","Rezeptur Bewertungstyp","ID_ARTISTLBEWTYP","short","4","0","3","ID_ARTISTLBEWTYP","Rez. Bewertungstyp"
"1833","Rezepturbezeichnung","ID_REZBEZEICH","string","40","0","0","REZBEZ","Bezeichnung der gewählten Rez-Variante"
"1834","Blobsql","ID_BLOBSQL","string","0","0","1","Blobsql","Blobsql"
"1850","Ident aktuelle Baustelle","ID_AKTBAUSTELLE_ID","int","10","0","3","aktbaustelle_id",""
"1851","Nummer aktuelle Baustelle","ID_AKTBAUSTELLE_NUMMER","int","10","0","3","aktbaustelle_nummer",""
"1852","Baustellen-Ident","ID_BAUSTELLENID","int","0","0","3","baustellenid",""
"1853","Rechnungsempfänger","ID_KUNDIDRECHN","int","9","0","3","Rechnungskunde",""
"1854","Zahlungpflichtiger","ID_KUNDIDFINANZ","int","9","0","3","Zahlungpflichtiger",""
"1855","Adr.Rechn.Empfänger","ID_ADRESSRECHN","void","132","1","5","Adresse Rechn.",""
"1856","Adr.Zahlungspflichtiger","ID_ADRESSFINANZ","void","132","1","5","Adr. Finanz",""
"1857","Baustellenbezeichnung","ID_BAUSTBEZEICH","string","40","0","0","Baustellenbezeich",""
"1858","Baustellenadresse","ID_BAUSTADRESSID","void","120","0","5","Baustellenadresse",""
"1859","Bezeichnung aktuelle Baustelle","ID_AKTBAUSTELLE_BEZEICH","string","40","0","0","abkbaustelle_bezeich",""
"1860","Buchungsklasse","ID_BUCHKLASSE","int","4","0","3","buchklasse",""
"1861","Bestandstyp (Eigen / Fremd)","ID_BESTANDSTYP","short","4","0","3","bestandstyp",""
"1862","Vorfakturierungs-Kennzeichen","ID_VORFAKTURIERUNG","short","4","0","3","vorfakturierung",""
"1863","Fremdlagerzwangs-Kennzeichen","ID_FREMDLAGERZWANG","short","1","0","3","fremdlagerzwang",""
"1864","Rezepturgruppe","ID_REZGRNUMMER","int","8","0","3","rezgrnummer","Gruppenzuordnung des Artikels"
"1865","Rezepturvariante","ID_ARTISTLVARIA","short","4","0","3","artistlvaria","gewählte Variante innerhalb der RezGruppe"
"1866","Rezepturanzahl","ID_REZEPTUR_ANZAHL","int","4","0","3","rezeptur_anzahl",""
"1867","Rezepturtyp","ID_ARTISTLTYP","short","4","0","3","ARTISTLTYP","Typ der Rezeptur.."
"1868","Bauunternehmername","ID_BAU_UNTERNEHMER","string","40","0","0","bauuntername",""
"1869","Bauunternehmernummer","ID_BAU_UNTERNEHNR","int","8","0","3","bauunternehnr",""
"1870","Matchcode Partie / Strecke","ID_PARTIEMATCH","string","20","0","0","partiematch",""
"1871","AdhocUpdates für Nebenbuchhaltung ändern","ID_ADHOCUPDATE_NEBENBUCH","int","0","0","4","adhocnebenbuch",""
"1872","Gültigkeitsanfang Partie/Strecke","ID_PARTIEABDATUM","DateTime","10","0","0","partieabdatum",""
"1873","Gültigkeitsende Partie/Strecke","ID_PARTIEBISDATUM","DateTime","10","0","0","partiebisdatum",""
"1874","Kennzeichen für unfertige Partie","ID_PARTIEUNFERTIG","short","1","0","3","partieunfertig",""
"1875","Fremdartikel zulässig in Partie/Strecke","ID_PARTIEFREMDARTIKEL","short","1","0","3","partiefremdartikel",""
"1876","Partiebewegungs-Menge","ID_PARTIEBEWMENGE","double","20","2","3","partiebewmenge",""
"1877","Partiebewegungs-Wert","ID_PARTIEBEWWERT","double","20","2","3","partiebewwert",""
"1878","Aktuelle Partie","ID_PARTIE_AKT","int","10","0","3","partie_akt",""
"1879","Aktuelle Strecke","ID_STRECKE_AKT","int","10","0","3","strecke_akt",""
"1880","Partie-Anzahl","ID_PARTIE_ANZ","int","8","0","3","partie_anz",""
"1881","Strecken-Anzahl","ID_STRECKEN_ANZ","int","8","0","3","strecken_anz",""
"1882","Partie-Mengeneinheit","ID_PARTIEME_NUMMER","int","8","0","3","partieme_nummer",""
"1883","Warenmenge in Partie-Mengeneinheiten","ID_PARTIEWARENMENGE","double","20","2","3","partiewarenmenge",""
"1884","Partie-Überschreitungs-Status","ID_PARUEBERSCHREIT","short","4","0","3","parueberschreit",""
"1885","Partie-Gesamt-Restmenge Verkauf","ID_PARRESTMENGEGES_VK","double","20","2","3","parrestmengeges_vk",""
"1886","Partie-Gesamt-Restmenge Einkauf","ID_PARRESTMENGEGES_EK","double","20","2","3","parrestmengeges_ek",""
"1887","Partie-Gesamt-Restwert Verkauf","ID_PARRESTWERTGES_VK","double","20","2","3","parrestwertges_vk",""
"1888","Partie-Gesamt-Restwert Einkauf","ID_PARRESTWERTGES_EK","double","20","2","3","parrestwertges_ek",""
"1889","Mengeneinheit Ware bei Partiebezug","ID_PARTIEWARENME_NUMMER","int","8","0","3","partiewarenme_nummer",""
"1890","Partie-Mengeneinheits-Kurztext","ID_PARTIEME_KURZTEXT","string","10","0","0","partieme_kurztext",""
"1891","Partie-Nachkommastellen","ID_PARTIEMENGENNACHKOMMA","int","1","0","3","partiemengennachkomm",""
"1892","Partiemenge disponiert Einkauf","ID_PARDISPMENGE_EK","double","20","2","3","pardispmenge_ek",""
"1893","Partiemenge disponiert Verkauf","ID_PARDISPMENGE_VK","double","20","2","3","pardispmenge_vk",""
"1894","Kundennummer Rechnungsempfänger","ID_KUNDNUMMER_RECHNUNGSEMPF","int","8","0","3","kundnummer_rechempf",""
"1895","Kundennummer Zahlungspflichtiger","ID_KUNDNUMMER_ZAHLUNGSPFL","int","8","0","3","kundnummer_zahlpfli",""
"1896","Partie-Mengensaldo (Einkauf ./. Verkauf)","ID_PARTIEMENGENSALDO","double","20","2","3","partiemengensaldo",""
"1897","Partie-Wertsaldo (Einkauf ./. Verkauf)","ID_PARTIEWERTSALDO","double","20","2","3","partiewertsaldo",""
"1898","Partiegruppennummer","ID_PARTIEGRUPPE","int","8","0","3","partiegruppe",""
"1899","Kundennummer Kontraktkunde","ID_KUNDNUMMER_KONTRAKTKUNDE","int","8","0","3","kundnummer_kontrakt",""
"1900","Vorgangs-Kopfkommentar","ID_KOPFKOMMENTAR","string","250","0","0","kopfkommentar",""
"1901","Vorgangs-Fußkommentar","ID_FUSSKOMMENTAR","string","250","0","0","fusskommentar",""
"1902","Warenbewegungs-ID der Abgangsseite","ID_WABEWID_ABG","int","8","0","3","WIABG","Warenbewegungs-ID der Abgangsseite"
"1903","Warenbewegungs-ID der Zugangsseite","ID_WABEWID_ZUG","int","8","0","3","WIZUG","Warenbewegungs-ID der Zugangsseite"
"1904","Partie-ID der Abgangsseite","ID_PARTIEID_ABG","int","8","0","3","PIABG","Partie-ID der Abgangsseite"
"1905","Partie-ID der Zugangsseite","ID_PARTIEID_ZUG","int","8","0","3","PIZUG","Partie-ID der Zugangsseite"
"1906","Zusatzinfo der Abgangsseite","ID_ZUSATZINFO_ABG","string","40","0","0","INFOABG","Zusatzinfo der Abgangsseite"
"1907","Zusatzinfo der Zugangsseite","ID_ZUSATZINFO_ZUG","string","40","0","0","INFOZUG","Zusatzinfo der Zugangsseite"
"1908","Zusatzinfo2 der Abgangsseite","ID_ZUSATZINFO2_ABG","string","40","0","0","INFO2ABG","Zusatzinfo2 der Abgangsseite"
"1909","Zusatzinfo2 der Zugangsseite","ID_ZUSATZINFO2_ZUG","string","40","0","0","INFO2ZUG","Zusatzinfo2 der Zugangsseite"
"1910","Partienummer der Abgangsseite","ID_PARTIENUMMER_ABG","int","12","0","0","PARNRAB","Partienummer der Abgangsseite"
"1911","Partienummer der Zugangsseite","ID_PARTIENUMMER_ZUG","int","12","0","0","PARNRZUG","Partienummer der Zugangsseite"
"1912","Partiebezeichnung der Abgangsseite","ID_PARTIEBEZ_ABG","string","40","0","0","PARBEZABG","Partiebezeichnung der Abgangsseite"
"1913","Partiebezeichnung der Zugangsseite","ID_PARTIEBEZ_ZUG","string","40","0","0","PARBEZZUG","Partiebezeichnung der Zugangsseite"
"1914","Belegreferenz Formulararchiv","ID_FA_BELEGREFERENZ","string","20","0","0","fa_belegreferenz","Belegreferenz Formulararchiv"
"1915","Parienummer für neu anzulegende Partie","ID_PARTIENUMMER_NEU","int","8","0","3","partienummerneu",""
"1916","Vorgang Bitfeld","ID_V_VORGBITS1","int","0","0","0","VorgangBits",""
"1917","Lieferdatum von","ID_V_LIEFDATUMVON","DateTime","10","0","0","V_LiefDatumVon",""
"1918","Lieferdatum bis","ID_V_LIEFDATUMBIS","DateTime","10","0","0","V_LiefDatumBis",""
"1921","Warenbewegung Wiegung1","ID_WB_WIEGUNG1","int","8","0","3","WaBewWiegung1","Warenbewegung Wiegung1"
"1922","Warenbewegung Wiegung2","ID_WB_WIEGUNG2","int","8","0","3","WaBewWiegung2",""
"1923","Warenbewegung Waagenprofil1","ID_WB_WAAGENPROFIL1","int","8","0","3","WaBewWaagenProfil1",""
"1924","Warenbewegung Waagenprofil2","ID_WB_WAAGENPROFIL2","int","8","0","3","WaBewWaagenProfil2",""
"1930","Rabatt-Text","ID_RABATTTEXT","string","40","0","0","ravbatt",""
"1931","kalkulator. Rabatt","ID_RABKALKKENNZ","short","1","0","3","rabatt","für internen Gebrauch"
"1932","Kennz. Gruppenrabatt","ID_RABGRUKENNZ","short","1","0","3","rabatt","für internen Gebrauch"
"1933","Rabatt-Preisfaktor","ID_RABPREISEINHEIT","double","14","3","0","rabatt","für internen Gebrauch"
"1934","Zu-/Abschlag-Preisfaktor","ID_ZUABPREISEINHEIT","double","14","3","0","zuabschlag",""
"1935","EKZ-Nummer für Zu-/Abschlag","ID_ZUAB_EKZ_NUMMER","int","9","0","0","zuabschlag",""
"1936","Zu-/Abschlag verdeckt","ID_ZUAB_VERDECKT","short","1","0","0","zuabschlag",""
"1937","Zu-Abschlag-Gruppenkennzeichen","ID_ZUABGRUKENNZ","short","1","0","0","zuabschlag",""
"1938","Zu-/Abschlag-Kalkulatorisch-Kennzeichen","ID_ZUABKALKKENNZ","short","1","0","0","zuabschlag",""
"1939","Zu-Abschlag-Satz-Sperrkennzeichen","ID_ZUABSATZSPERRKENNZ","short","1","0","0","zuabschlag",""
"1940","Zu-/Abschlag-Rang","ID_ZUABRANG","int","8","0","0","zuabschl",""
"1941","Zu-/Abschlag-Bezugsmenge","ID_ZUAB_ABMENGE","double","14","3","0","zuabschlag",""
"1942","Zu-/Abschlag-Zuordnungswert","ID_ZUAB_ABWERT","double","9","0","0","zuabschlag",""
"1943","Zu-/Abschlag-AbDAtum","ID_ZUAB_ABDATUM","DateTime","10","0","0","zuabschlag",""
"1944","Zu-/Abschlag-BisDatum","ID_ZUAB_BISDATUM","DateTime","10","0","0","zuabschlag",""
"1945","Zu-/Abschlag-Formel","ID_ZUAB_FORMEL","short","8","0","0","zuabschlag",""
"1946","Zu-/Abschlag-Wert","ID_ZUAB_WERT","double","14","3","0","zuabschlag",""
"1947","Zu-/Abschlag-Brutto","ID_ZUAB_BRUTTO","double","14","3","0","zuabschlag",""
"1948","Mail-Adresse","ID_MAILADRESSE","string","200","0","0","mailadresse",""
"1949","Telefonnummer","ID_TELEFON","string","25","0","0","telefon",""
"1950","Telefaxnummer","ID_TELEFAX","string","25","0","0","telefax",""
"1951","Vorgangstext ""Ihr Zeichen""","ID_KOPF_IHR_ZEICHEN","string","100","0","0","kopf_ihr_zeichen",""
"1952","Vorgangstext ""Unser Zeichen""","ID_KOPF_UNSER_ZEICHEN","string","100","0","0","kopf_unser_zeichen",""
"1953","Vorgangstext ""Bestelltext""","ID_KOPF_BESTELLTEXT","string","100","0","0","kopf_bestelltext",""
"1954","Vorgangstext ""Es bediente Sie""","ID_KOPF_ES_BEDIENTE_SIE","string","100","0","0","kopf_es_bediente_sie",""
"1955","Gebiet-Von Bezeichnung","ID_BEZ_GEBIET_VON","string","100","0","0","GEBIETBEZ",""
"1956","Gebiet-Nach Bezeichnung","ID_BEZ_GEBIET_NACH","string","100","0","0","GEBIETBEZNACH",""
"1957","Abteilungsbezeichnung","ID_BEZ_ABTEILUNG","string","100","0","0","ABTEILBEZEICH",""
"1958","Unterabteilungsbezeichnung","ID_BEZ_UNTERABTEILUNG","string","100","0","0","UNTERABTEILBEZEICH",""
"1959","Filialbezeichnung","ID_BEZ_FILIALE","string","100","0","0","FILIALBEZ",""
"1960","Filialanschrift","ID_ADR_FILIALE","void","100","1","5","FILIALADR",""
"1961","Zentrale Bezeichnung","ID_BEZ_ZENTRALE","string","100","0","0","ZENTRALBEZ",""
"1962","Zentrale Anschrift","ID_ADR_ZENTRALE","void","100","1","5","ZENTRALADR",""
"1963","Versandartbezeichnung","ID_BEZ_VERSANDART","string","100","0","0","Versandartbez",""
"1964","Zahlungsartbezeichnung","ID_BEZ_ZAHLART","string","100","0","0","Zahlungsart",""
"1965","Vertretergruppe Bezeichnung","ID_BEZ_VERTGRNUMMER","string","100","0","0","Vertretergruppematch",""
"1966","'*', falls ohne ZuAbschlag","ID_ZUABSPERRKENNZ","string","1","0","0","zuabsperrkennz",""
"1967","'*', falls mit Rabatt-Ausschluss","ID_RABSPERRKENNZ","string","1","0","0","rabsperrkennz",""
"1968","'*', falls Fracht-frei","ID_FRACHTSPERRKENNZ","string","1","0","0","frachsperr",""
"1969","'*', falls ohne Verpackkostenanteil","ID_VERPACKSPERRKENNZ","string","1","0","0","verpacksperr",""
"1970","Sortenidentifikation","ID_SORTE_ID","int","8","0","0","sorteid",""
"1971","Fahrer Bezeichnung","ID_FAHRER_BEZEICHNUNG","string","80","0","0","Faherbezeichnung",""
"1972","Kennzeichen Barverkauf","ID_KENNZBARVERK","short","2","0","0","Barverkaufkz",""
"1973","Empf.Gesamtpreis","ID_EMPFGESAMTPREIS","double","20","2","3","Empf.Gesamtpreis",""
"1974","Kassennummer","ID_KASSENNUMMER","int","9","0","3","Kassennummer",""
"1975","KassenKonto","ID_KASSENKONTO","int","9","0","3","Kassenkonto",""
"1976","Fibu Sperre","ID_SPERRFIBU","short","0","0","0","SperrFibu",""
"1977","Filia Sperre","ID_SPERRFILIA","short","0","0","0","SperrFilia",""
"1978","Rebuch Sperre","ID_SPERRREBUCH","short","0","0","0","SperrRebuch",""
"1979","Adresse d.Lagers","ID_ADRESSELAGERFEHL","string","100","0","5","Lageradresse",""
"1980","Kreditlimit","ID_KREDITLIMIT","double","16","2","3","Kreditlimit",""
"1981","Offener Saldo","ID_OFFENER_SALDO","double","16","2","3","Offender Saldo",""
"1982","Bemerkung Gefahrgut","ID_GEFAHR_BEMERK","void","255","0","5","Gefahrbemerk",""
"1983","Bearbeitungssperre","ID_SPERRBEARBEIT","short","0","0","0","Bearbeitungssperre",""
"1984","Beleg soll in Vorgangstapel","ID_BELEG_IN_STAPEL","short","0","0","0","Soll in Stapel",""
"1985","Lieferzeitnummer","ID_LIEFERZEITNUMMER","int","0","0","0","liefzeitnummer",""
"1986","Ladezeitnummer","ID_LADEZEITNUMMER","int","0","0","0","Ladezeitnummer",""
"1987","Transportid","ID_V_TRANSID","int","0","0","0","Tansportid",""
"1988","Lieferzeit","ID_LIEFERZEIT","string","40","0","0","Lieferzeit",""
"1989","Ladezeit","ID_LADEZEIT","string","40","0","0","Ladezeit",""
"1990","Transp.Auftr.Nummer","ID_TRANSPAUFTRNUMMER","int","10","0","3","TranpAuftNummer",""
"1991","Prüfsumme Vorgang","ID_PRUEFSUMME","double","0","0","3","Pruefsumme",""
"1992","Ladedatum","ID_LADEDATUM","DateTime","10","0","0","Ladedatum",""
"1993","Ladeortnummer","ID_LADEORTNUMMER","int","9","0","0","Ladeortnummer",""
"1994","Ladeortbezeichnung","ID_LADEORTBEZEICH","string","40","0","0","Ladeortbezeichnung",""
"1995","Id zu Erweiterung Vorgang um GlobalZuab","ID_V_GLZUABID","int","0","0","0","",""
"1996","globale ZuAbSchlagsklasse 1","ID_GLZUAB_KLASSE1","int","0","0","0","GZuAbKlasse1",""
"1997","globale ZuAbSchlagsklasse 2","ID_GLZUAB_KLASSE2","int","0","0","0","GZuAbKlasse2",""
"1998","Wert1 zum glob. ZuAbschlag","ID_GLZUAB_WERT1","double","0","0","0","GZuAbwert1",""
"1999","Wert2 zur globalen Zuabschl.Klasse","ID_GLZUAB_WERT2","double","0","0","3","GZuAbWert2",""
"2000","Kontonummer FIBU","ID_KONTO","int","20","0","3","konto",""
"2001","Valutadatum","ID_VALUTADATUM","DateTime","0","0","0","valutadatum",""
"2002","Skontodatum","ID_SKONTODATUM","DateTime","0","0","0","skdat",""
"2003","Skontosatz","ID_SKONTOSATZ","double","6","2","3","sksatz",""
"2004","Skontobetrag","ID_SKONTOBETRAG","double","12","2","3","skbetrag",""
"2005","Kostenstelle","ID_KOSTENSTELLE","int","8","0","3","kostenstelle",""
"2007","Auszifferungsnummer","ID_AKZ","int","8","0","3","akz",""
"2008","Soll-Haben-Kennzeichen","ID_SH","short","1","0","0","shkz",""
"2009","Buchungsbetrag","ID_BUCHBETRAG","double","12","2","3","betrag",""
"2010","Mahndatum","ID_MAHNDATUM","DateTime","0","0","0","mahndatum",""
"2011","Mahnstufe","ID_MAHNSTUFE","short","2","0","0","mahnstufe",""
"2012","Mahnsperre","ID_MAHNSPERRE","short","1","0","0","mahnsperre",""
"2013","Zahlsperre","ID_ZAHLSPERRE","short","1","0","0","zahlsperre",""
"2014","Zahldatum","ID_ZAHLDATUM","DateTime","0","0","0","zahldatum",""
"2015","Mahnbetrag","ID_MAHNBETRAG","double","16","2","3","mahnbetrag",""
"2016","Mahngebühr","ID_MAHNGEBUEHR","double","16","2","3","mahngebühr",""
"2017","Mahnzinsen","ID_MAHNZINSEN","double","16","2","3","mahnzinsen",""
"2019","Mahnposbetrag","ID_MAHNPOSBETRAG","double","16","2","3","mahnposbetrag",""
"2020","Mahnposzinsen","ID_MAHNPOSZINSEN","double","16","2","3","mahnposzinsen",""
"2021","Fibu Klasse (Fibu)","ID_FIBUV_KLASSE","int","3","0","3","fibuklasse",""
"2022","Fibu Datum","ID_FIBUV_DATUM","DateTime","10","0","0","datum",""
"2023","FIBU Belegnummer (Fibu)","ID_FIBUV_NUMMER","string","20","0","0","FibuNummer",""
"2024","FIBU Zahlungsbedingung","ID_ZAHLBEDNUMMER","int","3","0","3","Zahlungsbedingung",""
"2025","FIBU Betrag (Fibu)","ID_FIBUV_BETRAG","double","16","2","3","FibuBetrag",""
"2026","FIBU Valutadatum","ID_FIBUV_VALDATUM","DateTime","10","0","0","Valutadatum",""
"2027","FIBU Text","ID_FIBUV_TEXT","string","80","0","0","Buchungstext",""
"2028","Mahnbetrag gesamt","ID_MAHNGESAMT","double","16","2","3","Mahngesamt",""
"2029","","ID_DEFAULTVARIANTE","","0","0","0","",""
"2031","Komponenten Fixkennzeichen EK","ID_HSK_FIXKENNZ_EK","short","4","0","3","HSKFIXEK","Komponenten Fixkennzeichen EK"
"2032","Komponenten Pauschalkennzeichen","ID_HSK_PAUKENNZ","short","4","0","3","HSKPAU","Komponenten Pauschalkennzeichen"
"2033","Komponenten Wertartikelkennzeichen","ID_HSK_WA_KENNZ","short","4","0","3","HSLWA","Komponenten Wertartikelkennzeichen"
"2034","Komponenten Fixkennzeichen VK","ID_HSK_FIXKENNZ_VK","short","4","0","3","HSKFIXVK","Fixkennzeichen VK"
"2035","PreisbezugsDatum","ID_WABEW_PREISBEZUGSDATUM","DateTime","10","0","12","PreisbezugsDatum",""
"2036","Abgrenzungsdatum für Nebenbuchhaltung","ID_WABEW_ABGRENZDATUM","DateTime","10","0","12","AbgrenzDatum",""
"2051","Netto in Buchwährung","ID_BW_NETTO","double","15","2","3","Netto","zum Beispiel in RW-Sammeldruckformularen"
"2052","Steuerbetrag in Buchwährung","ID_BW_STEUER","double","15","2","3","Steuer","zum Beispiel in RW-Sammeldruckformularen"
"2053","Skontierfähiger Betrag in Buchwährung","ID_BW_SKONTIERF_BETRAG","double","20","2","3","skontierf_betrag","zum Beispiel in RW-Sammeldruckformularen"
"2054","Skontoendbetr. in Buchwähr. v. Korrektur","ID_BW_SKONTO_ORIGINAL","double","20","2","3","skonto_original","zum Beispiel in RW-Sammeldruckformularen"
"2055","Bruttobetrag in Buchwährung","ID_BW_BRUTTO","double","12","2","3","Brutto","zum Beispiel in RW-Sammeldruckformularen"
"2056","Bruttobetrag (nur RW-Abschl.) in Buchw.","ID_BW_BRUTTO_KORREKTUR","double","15","2","3","sum","zum Beispiel in RW-Sammeldruckformularen"
"2057","Steuerbetrag (nur RW-Abschl.) in Buchw.","ID_BW_STEUER_KORREKTUR","double","15","2","3","sum","zum Beispiel in RW-Sammeldruckformularen"
"2058","skontf. Betrag (nur RW-Abschl) in Buchw.","ID_BW_SKONTIERFAEHIG_KORREKTUR","double","15","2","3","sum","zum Beispiel in RW-Sammeldruckformularen"
"2059","Bruttobetrag (ohne RW-Absch.) in Buchw.","ID_BW_BRUTTO_GESAMT","double","15","2","3","sum","zum Beispiel in RW-Sammeldruckformularen"
"2060","Steuerbetrag (ohne RW_Absch.) in Buchw.","ID_BW_STEUER_GESAMT","double","15","2","3","sum","zum Beispiel in RW-Sammeldruckformularen"
"2061","skontf. Betrag (ohne RW-Absch) Buchw.","ID_BW_SKONTIERFAEHIG_GESAMT","double","15","2","3","sum","zum Beispiel in RW-Sammeldruckformularen"
"2062","Nettobetrag (nur RW-Abschl.) in Buchw.","ID_BW_NETTO_KORREKTUR","double","15","2","3","sum","zum Beispiel in RW-Sammeldruckformularen"
"2063","Nettobetrag (ohne RW-Absch.) in Buchw.","ID_BW_NETTO_GESAMT","double","15","2","3","sum","zum Beispiel in RW-Sammeldruckformularen"
"2064","Netto bereits bezahlt in Buchwährung","ID_BW_NETTO_ABS_GEZAHLT","double","15","2","3","sum","zum Beispiel in RW-Sammeldruckformularen"
"2065","Betrag in Buchwährung","ID_BW_BETRAG","double","20","2","3","betrag","zum Beispiel in RW-Sammeldruckformularen"
"2066","Skontobetrag in Buchwährung","ID_BW_SKONTOBETRAG","double","12","2","3","skbetrag","zum Beispiel in RW-Sammeldruckformularen"
"2067","Skontierfähigkeit Buchwährung","ID_BW_SKONTIERFAEHIG","short","8","0","3","Skontierfähigkeit","zum Beispiel in RW-Sammeldruckformularen"
"2068","Skontoendbetrag nach Korrektur in Buchw.","ID_BW_SKONTO_ENDBETRAG","double","20","2","3","skonto_endbetrag","zum Beispiel in RW-Sammeldruckformularen"
"2069","Steuerendbetrag nach Korrektur in Buchw.","ID_BW_STEUER_ENDBETRAG","double","20","2","3","steuer_endbetrag","zum Beispiel in RW-Sammeldruckformularen"
"2070","Steuerendbetrag vor Korrektur in Buchw.","ID_BW_STEUER_ORIGINAL","double","20","2","3","steuer_original","zum Beispiel in RW-Sammeldruckformularen"
"2071","Betrag Vorgängerbeleg in Buchwährung","ID_BW_PREABS_BETRAG","double","20","2","3","betrag","zum Beispiel in RW-Sammeldruckformularen"
"2072","Nettobetrag Zahlungsbedingung in Buchw.","ID_BW_ZAHLBEDNETTO","double","15","2","3","zahlbednetto","zum Beispiel in RW-Sammeldruckformularen"
"2073","Zahlungsbetrag in Buchwährung","ID_BW_ZAHLBEDBRUTTO","double","15","2","3","zahlbedbrutto","zum Beispiel in RW-Sammeldruckformularen"
"2074","Zahlbetrag in Skontofrist in Buchwährung","ID_BW_ZAHLBEDZAHLBETRAG","double","16","2","3","ZAHLBETRAG","zum Beispiel in RW-Sammeldruckformularen"
"2075","Steuerbetrag d. Zahlungsbed. Buchwährung","ID_BW_ZAHLBEDSTEUER","double","15","2","3","zahlbedsteuer","zum Beispiel in RW-Sammeldruckformularen"
"2076","Skontierfäh. Betrag d. Zahlbed. Buchw.","ID_BW_ZAHLBEDSKONTIERFAEHIG","double","15","2","3","zahlbedskontier","zum Beispiel in RW-Sammeldruckformularen"
"2077","ZB Bruttobetr. (nur RW-Abschl.) in Buchw","ID_BW_ZAHLBEDBRUTTO_KORREKTUR","double","15","2","3","zb","zum Beispiel in RW-Sammeldruckformularen"
"2078","ZB Steuerbetr. (nur RW-Abschl.) in Buchw","ID_BW_ZAHLBEDSTEUER_KORREKTUR","double","15","2","3","zb","zum Beispiel in RW-Sammeldruckformularen"
"2079","ZB skontf.Betr. ( nur RW-Abschl.) Buchw.","ID_BW_ZAHLBEDSKONTIERFAEHIG_KORREKTUR","double","15","2","3","zb","zum Beispiel in RW-Sammeldruckformularen"
"2080","ZB Bruttobetr. (abzgl. RW-Abschl.) Buchw","ID_BW_ZAHLBEDBRUTTO_GESAMT","double","15","2","3","zb","zum Beispiel in RW-Sammeldruckformularen"
"2081","ZB Zahlbetr. (ohne RW-Abschl.) Buchw.","ID_BW_ZAHLBEDZAHLBETRAG_GESAMT","double","15","2","3","zb","zum Beispiel in RW-Sammeldruckformularen"
"2082","ZB Steuerbetr. (ohne RW-Abschl.) Buchw.","ID_BW_ZAHLBEDSTEUER_GESAMT","double","15","2","3","zb","zum Beispiel in RW-Sammeldruckformularen"
"2083","ZB skontf.Betr. (ohne RW-Abschl.) Buchw.","ID_BW_ZAHLBEDSKONTIERFAEHIG_GESAMT","double","15","2","3","zb","zum Beispiel in RW-Sammeldruckformularen"
"2084","ZB Skontobetr. (ohne RW-Abschl.) Buchw.","ID_BW_ZAHLBEDSKONTOBETRAG_GESAMT","double","15","2","3","zb","zum Beispiel in RW-Sammeldruckformularen"
"2085","Abschlagbetrag (Rohware) in Buchwährung","ID_BW_ABS_BETRAG","double","15","2","3","absbetrag","zum Beispiel in RW-Sammeldruckformularen"
"2086","Abschl schon bezahlt (Rohware)  Buchwähr","ID_BW_ABS_GEZAHLT","double","15","2","3","abs","zum Beispiel in RW-Sammeldruckformularen"
"2087","Abschl. Auszahl.betr. (Rohware) Buchwähr","ID_BW_ABS_AUSZAHLUNG","double","15","2","3","abs","zum Beispiel in RW-Sammeldruckformularen"
"2088","Abschlag Restbetrag (Rohware) Buchwähr.","ID_BW_ABS_REST","double","15","2","3","abs","zum Beispiel in RW-Sammeldruckformularen"
"2100","ZinsListNummer","ID_ZILISTNR","int","8","0","3","ziab","Identifikation der Zinsabrechnung"
"2101","KontoNummer","ID_ZIKONTO","int","8","0","3","ziab","Identifikation des Zinskontos"
"2102","ZinsBuchIdSoll","ID_ZIBUCHIDSOLL","int","8","0","3","ziab","Identifikation der Zinssollbuchung"
"2103","ZinsBuchIdHaben","ID_ZIBUCHIDHABEN","int","8","0","3","ziab","Identifikation der Zinshabenbuchung"
"2104","ZinsAbrDatum","ID_ZIABRDATUM","DateTime","8","0","0","ziab","Datum der Zinsabrechnung"
"2105","ZinsAbrVonDatum","ID_ZIABRVONDATUM","DateTime","8","0","0","ziab","Beginn des Abrechnungszeitraums"
"2106","ZinsAbrBisDatum","ID_ZIABRBISDATUM","DateTime","8","0","0","ziab","Ende des Abrechnungszeitraums"
"2107","ZinsAbrSollZins","ID_ZIABRSOLLZINS","double","15","2","3","ZIAB","Sollzinsen der Zinsabrechnung"
"2108","ZinsAbrHabenZins","ID_ZIABRHABENZINS","double","13","2","3","ziab","Habenzinsen der Abrechnung"
"2109","ZinsAbrDruKennz","ID_ZIABRDRUKENNZ","int","1","0","0","ziab","Druckkennzeichen der Abrechnung"
"2110","ZinsGrupNummer","ID_ZINSGRUPPE","int","8","0","3","ZIAB","Zinsgruppe des Kunden"
"2111","ZinsAbrPosZaehl","ID_ZIABRPOS","int","4","0","0","ZIAB","lfd. Position in der Abrechnung"
"2112","ZinsAbrPID","ID_ZIABRPID","int","8","0","3","ZIAB","FibuId der Position"
"2113","ZinsAbrPIDZaehl","ID_ZIABRPIDZAEHL","int","8","0","3","ZIAB","FibuPosition der Position"
"2114","ZinsAbrValDatum","ID_ZIABRVALDATUM","DateTime","8","0","0","ZIAB","Valutadatum der Position"
"2115","ZinsAbrSaldo","ID_ZIABRSALDO","double","15","2","3","ZIAB","Saldo nach der Position"
"2116","ZinsAbrTage","ID_ZIABRTAGE","int","4","0","3","ZIAB","Zinstage nach der Position"
"2117","ZinsAbrSatz","ID_ZIABRSATZ","double","6","2","3","ZIAB","gültiger Zinssatz"
"2118","ZinsAbrPosBetrag","ID_ZIABRPOSBETRAG","double","15","2","3","ZIAB","Buchungsbetrag der Position"
"2119","Markierident durchs LVS","ID_MARKIERIDENT_LVS","int","10","0","0","MarkieridentLVS",""
"2120","Markierident aus dem LVS für Partie","ID_MARKIERIDENT_PARTIE_LVS","int","10","0","0","MarkierIdentPartie",""
"2200","Weabrid","ID_WEABRID","int","8","0","3","weabr",""
"2201","WeabrKonto","ID_WEABRKONTO","int","8","0","3","weabr",""
"2202","WeabrFibuVerweis","ID_WEABRFIBUV","int","8","0","3","weabr",""
"2203","WeabrFormularid","ID_WEABRFORMULAR","int","8","0","3","weabr",""
"2204","Weabrdatum","ID_WEABRDATUM","DateTime","8","0","0","weabr",""
"2205","weabrdiskont","ID_WEABRDISKONT","double","15","2","3","weabr",""
"2210","weabrposition","ID_WEABRPOSITION","int","4","0","3","weabr",""
"2211","weabrposkonto","ID_WEABRPOSKONTO","int","8","0","3","weabr",""
"2212","weabrposkst","ID_WEABRKOST","int","8","0","3","weabr",""
"2213","weabrpossteuer","ID_WEABRSTEUERSCHL","int","8","0","3","weabr",""
"2214","Weabrposbetrag","ID_WEABRPOSBETRAG","double","15","2","3","weabr",""
"2215","Weabrpostext","ID_WEABRPOSTEXT","string","40","0","3","weabr",""
"2216","GelangensBestätigung","ID_GELANGENSBEST","","15","0","1","GelBest",""
"2220","Wechselobligo","ID_WECHSEL_OBLIGO","double","20","2","3","wechselobligo",""
"2300","Zahlungsart","ID_ZAHLARTID","int","4","0","3","zav","Identifikation der Zahlungsart"
"2301","Zahlungsart debitorisch","ID_ZAHLARTID_DEBIT","int","4","0","3","zahlartid_debit",""
"2302","Zahlungsart kreditorisch","ID_ZAHLARTID_KREDIT","int","4","0","3","zahlartid_kredit",""
"2303","Zahlungsart-Bezeichnung debitorisch","ID_ZAHLARTBEZ_DEBIT","string","40","0","0","zahlartbez_debit",""
"2304","Zahlungsart-Bezeichnung kreditorisch","ID_ZAHLARTBEZ_KREDIT","string","40","0","0","zahlartbez_kredit",""
"2400","AdressPLZ1 (Fibu)","ID_FIBU_ADRESSPLZ1","string","8","0","0","FIBU BS",""
"2401","AdressName (Fibu)","ID_FIBU_ADRESSNAME","string","100","0","0","FIBU BS",""
"2402","AdressVorname (Fibu)","ID_FIBU_ADRESSVORNAME","string","100","0","0","FIBU BS",""
"2403","AdressOrt (Fibu)","ID_FIBU_ADRESSORT","string","100","0","0","FIBU BS",""
"2404","AdressStrasse (Fibu)","ID_FIBU_ADRESSSTRASSE","string","100","0","0","FIBU BS",""
"2405","AdressTelefon (Fibu)","ID_FIBU_ADRESSTELEFON","string","25","0","0","FIBU BS",""
"2406","AdressTelefax (Fibu)","ID_FIBU_ADRESSTELEFAX","string","25","0","0","FIBU BS",""
"2407","AdressPLZ2 (Fibu)","ID_FIBU_ADRESSPLZ2","string","8","0","0","FIBU BS",""
"2408","AdressAnrede (Fibu)","ID_FIBU_ADRESSANREDE","string","100","0","0","FIBU BS",""
"2409","AdressBankEmpf (Fibu)","ID_FIBU_ADRESSBANKEMPF","string","100","0","0","FIBU BS",""
"2410","AdressBezeich (Fibu)","ID_FIBU_ADRESSBEZEICH","string","40","0","0","FIBU BS",""
"2411","AdressKurzName (Fibu)","ID_FIBU_ADRESSKURZNAME","string","40","0","0","FIBU BS",""
"2412","AdressOrtsTeil (Fibu)","ID_FIBU_ADRESSORTSTEIL","string","100","0","0","FIBU BS",""
"2413","AdressPostFach (Fibu)","ID_FIBU_ADRESSPOSTFACH","string","100","0","0","FIBU BS",""
"2414","AdressStaat (Fibu)","ID_FIBU_ADRESSSTAAT","string","100","0","0","FIBU BS",""
"2415","AdressTeleMobil (Fibu)","ID_FIBU_ADRESSTELEMOBIL","string","25","0","0","FIBU BS",""
"2416","AdressTeleModem (Fibu)","ID_FIBU_ADRESSTELEMODEM","string","25","0","0","FIBU BS",""
"2417","WechselObligo (Fibu)","ID_FIBU_WECHSELOBLIGO","double","20","2","3","FIBU BS",""
"2418","WechselObligo SH (Fibu)","ID_FIBU_WECHSELOBLIGOSH","int","1","0","3","FIBU BS","FS SollHaben"
"2419","Verkaufsgebiet (Fibu)","ID_FIBU_VERKGEBNUMMER","int","8","0","3","FIBU",""
"2420","KundBezeich (Fibu)","ID_FIBU_KUNDBEZEICH","string","40","0","0","FIBU BS",""
"2421","Zahlart Debitor (Fibu)","ID_FIBU_ZAHLARTDEBITBEZ","string","20","0","0","FIBU BS",""
"2422","Zahlartskontier Debitor (Fibu)","ID_FIBU_ZAHLARTDEBITSKO","short","20","0","3","FIBU BS",""
"2423","Zahlart Kreditor (Fibu)","ID_FIBU_ZAHLARTKREDITBEZ","string","40","0","0","FIBU BS",""
"2424","Zahlartskontier Kreditor (Fibu)","ID_FIBU_ZAHLARTKREDITSKO","short","20","0","3","FIBU BS",""
"2425","Vorname + Name (Fibu)","ID_FIBU_VORNAMENAME","string","100","0","0","FIBU BS",""
"2426","Anrede + Vorname + Name (Fibu)","ID_FIBU_ANREDEVORNAMENAME","string","100","0","0","FIBU BS",""
"2427","Ort + OrtsTeil (Fibu)","ID_FIBU_ORTORTSTEIL","string","200","0","0","FIBU BS",""
"2428","Saldotext (Fibu)","ID_FIBU_SALDOTEXT","string","12","0","0","FIBU BS",""
"2429","Saldo gebucht (Fibu)","ID_FIBU_SALDOGEB","double","20","2","3","FIBU BS",""
"2430","SaldoSH gebucht (Fibu)","ID_FIBU_SALDOGEBSH","int","1","0","3","FIBU BS",""
"2431","Saldo erfasst (Fibu)","ID_FIBU_SALDOERF","double","20","2","3","FIBU BS",""
"2432","SaldoSH erfasst (Fibu)","ID_FIBU_SALDOERFSH","int","1","0","3","FIBU BS",""
"2433","Sachkonto Bezeichnung (Fibu)","ID_FIBU_SACHKONTBEZEICH","string","40","0","0","FIBU BS",""
"2434","Oberkonto Bezeichnung (Fibu)","ID_FIBU_OBERKONTOBEZEICH","string","40","0","0","FIBU BS",""
"2435","OberOberkonto (Fibu)","ID_FIBU_OBEROBERKONTO","int","8","0","3","FIBU BS",""
"2436","Mahnsperre (Fibu)","ID_FIBU_MAHNSPERRE","short","4","0","3","FIBU BS",""
"2437","MahnGruppe (Fibu)","ID_FIBU_MAHNGRUPPE","int","4","0","3","FIBU BS",""
"2438","Zahlsperre (Fibu)","ID_FIBU_ZAHLSPERRE","short","4","0","3","FIBU BS",""
"2439","Verrechnung Rechnung / Gutschrift (Fibu)","ID_FIBU_VERRECHNUNG","short","20","0","3","FIBU BS",""
"2440","ZahlArtIdDebit (Fibu)","ID_FIBU_ZAHLARTIDDEBIT","int","8","0","3","FIBU BS",""
"2441","ZahlArtIdKredit (Fibu)","ID_FIBU_ZAHLARTIDKREDIT","int","8","0","3","FIBU BS",""
"2442","Zahlarttyp Debitor (Fibu)","ID_FIBU_ZAHLARTDEBITTYP","short","20","0","3","FIBU BS",""
"2443","ZahlArttyp Kreditor (Fibu)","ID_FIBU_ZAHLARTKREDITTYP","short","20","0","3","FIBU BS",""
"2444","Kreditlimit (Fibu)","ID_FIBU_KREDITLIMIT","double","20","2","3","FIBU BS",""
"2445","Zinssperre (Fibu)","ID_FIBU_ZINSSPERRE","short","4","0","3","FIBU BS",""
"2446","Wechselsperre (Fibu)","ID_FIBU_WECHSELSPERRE","short","4","0","3","FIBU BS",""
"2447","SteuerGruppe (Fibu)","ID_FIBU_STEUERGRNUMMER","int","4","0","3","FIBU BS",""
"2448","Forderungsgruppe (Fibu)","ID_FIBU_FORDERGRUPPE","int","8","0","3","FIBU BS",""
"2449","Kundenwaehrung (Fibu)","ID_FIBU_KUNDWAEHRUNG","int","4","0","3","FIBU BS","FS WAEHRUNG"
"2450","Kundid (Fibu)","ID_FIBU_KUNDID","int","20","0","3","FIBU BS",""
"2451","Vertretergruppe (Fibu)","ID_FIBU_VERTGRNUMMER","int","8","0","3","FIBU BS",""
"2452","Kontotyp (PK SK OK ) (Fibu)","ID_FIBU_KONTOTYP","int","4","0","3","FIBU BS",""
"2453","ZinsAbdatum (Fibu)","ID_FIBU_ZINSABDATUM","DateTime","10","0","0","FIBU BS",""
"2454","ZinsPeriode (Fibu)","ID_FIBU_ZINSPERI","int","20","0","3","FIBU BS",""
"2455","Zinsgruppe (Fibu)","ID_FIBU_ZINSGRUPNUMMER","int","10","0","3","FIBU BS",""
"2456","Bagatellzinsen Soll (Fibu)","ID_FIBU_ZINSBAGSOLL","double","20","2","3","FIBU BS",""
"2457","Bagatellzinsen Haben (Fibu)","ID_FIBU_ZINSBAGHABEN","double","20","2","3","FIBU BS",""
"2458","Kontonummer (Fibu)","ID_FIBU_KONTONUMMER","int","8","0","3","FIBU BS",""
"2459","Oberkonto (Fibu)","ID_FIBU_KONTONUMMEROBER","int","10","0","3","FIBU BS",""
"2460","Vertretergruppenbezeichnung (Fibu)","ID_FIBU_VERTGRBEZEICH","string","40","0","0","FIBU BS",""
"2461","Zusatz1 (Fibu)","ID_FIBU_ADRESSZEILE1","string","100","0","0","FIBU BS",""
"2462","Zusatz2 (Fibu)","ID_FIBU_ADRESSZEILE2","string","100","0","0","FIBU BS",""
"2463","Zusatz3 (Fibu)","ID_FIBU_ADRESSZEILE3","string","100","0","0","FIBU BS",""
"2464","Zusatz4 (Fibu)","ID_FIBU_ADRESSZEILE4","string","100","0","0","FIBU BS",""
"2465","Zusatz5 (Fibu)","ID_FIBU_ADRESSZEILE5","string","100","0","0","FIBU BS",""
"2466","Zusatz6 (Fibu)","ID_FIBU_ADRESSZEILE6","string","100","0","0","FIBU BS",""
"2467","Ust-IdNr. (Fibu)","ID_FIBU_KUNDUSTSTATKENNZ","string","16","0","0","FIBU",""
"2468","Kundgegennummer (Fibu)","ID_FIBU_KUNDGEGENNUMMER","string","40","0","0","FIBU BS","Gegen-Nr aus dem Kundenstamm"
"2469","Adresse","ID_FIBU_ADRESSE","void","120","2","5","FIBU","Ein Adressblock"
"2470","OberKonto Haben","ID_FIBU_KONTONUMMEROBERHABEN","int","8","0","3","FIBU BS",""
"2471","Kontobezeichnung (Fibu)","ID_FIBU_KONTOBEZEICHNUNG","string","40","0","0","FIBU BS",""
"2472","Name Bediener Neubeleg","ID_FIBU_BELEGERFASSERKURZ","string","20","0","0","FIBU BS",""
"2473","AUSLANDKUNDE (1=JA)","ID_FIBU_AUSLANDSKUNDE","short","4","0","3","FIBU",""
"2474","Wirtschafts-Identifikationsnummer","ID_FIBU_KUNDWIDNR","string","17","0","0","FIBU","Wirtschafts-Identifikationsnummer"
"2475","Erlösklasse","ID_FIBU_ERLOESKLASSE","short","5","0","3","FIBU BS",""
"2476","Erfassungssperre","ID_FIBU_KUNDERFSPERRE","short","5","0","3","FIBU BS","Erfassungsperr aus dem Kundenstamm"
"2477","Name Erfasser Neubeleg","ID_FIBU_ERFASSERKURZ","string","20","0","0","FIBU BS",""
"2478","Saldotext Fremdwährung(Fibu)","ID_FIBU_SALDOTEXTFW","string","20","0","0","FIBU BS",""
"2479","Saldo gebucht Fremdwährung(Fibu)","ID_FIBU_SALDOGEBFW","double","20","2","3","FIBU BS",""
"2480","SaldoSH gebucht Fremdwährung(Fibu)","ID_FIBU_SALDOGEBFWSH","int","1","0","3","FIBU BS",""
"2481","Saldo erfasst Fremdwährung(Fibu)","ID_FIBU_SALDOERFFW","double","20","2","3","FIBU BS",""
"2482","SaldoSH erfasst Fremdwährung(Fibu)","ID_FIBU_SALDOERFFWSH","int","1","0","3","FIBU BS",""
"2500","Fibuv_id (Fibu)","ID_FIBU_FIBUV_ID","int","10","0","3","FIBU","Ident"
"2501","FiBuV_Poszaehler (Fibu)","ID_FIBU_FIBUV_POSZAEHLER","int","10","0","3","FIBU","Positionszähler"
"2502","Buchtyp (Fibu)","ID_FIBU_FIBUVP_BUCHTYP","short","4","0","3","FIBU","Buchtyp"
"2503","Belegart (Fibu)","ID_FIBU_FIBUV_KLASSE","short","8","0","3","FIBU","Belegart"
"2504","Belegart Bezeichnung (Fibu)","ID_FIBU_FIBUV_KLBEZEICH","string","40","0","0","FIBU","Bezeichnung Belegart"
"2505","Zahlungsbedingung (Fibu)","ID_FIBU_ZAHLBEDNUMMER","int","8","0","3","FIBU","Zahlungsbedingung"
"2506","Kostenstelle (Fibu)","ID_FIBU_KOSTSTELNUMMER","int","8","0","3","FIBU","Kostenstelle"
"2507","Steuerklasse (Fibu)","ID_FIBU_STEUERKLASSE","int","4","0","3","FIBU","Steuerklasse"
"2508","SteuerSchluessel (Fibu)","ID_FIBU_STEUERSCHLUESSEL","int","4","0","3","FIBU","Steuerschluessel"
"2509","SteuerAbDatum (Fibu)","ID_FIBU_STEUERABDATUM","DateTime","10","0","0","FIBU","SteuerAbDatum"
"2510","Skontokonto (Fibu)","ID_FIBU_KONTONUMMERSKO","int","8","0","3","FIBU","Kontonummer Skonto"
"2511","Sollbetrag (Fibu)","ID_FIBU_SOLLBETRAG","double","20","2","3","FIBU","Betrag Soll"
"2512","Habenbetrag (Fibu)","ID_FIBU_HABENBETRAG","double","20","2","3","FIBU","Betrag Haben"
"2513","Betrag (Fibu)","ID_FIBU_FIBUVP_BETRAG","double","20","2","3","FIBU","Betrag"
"2514","Betrag in Fremdwährung (Fibu)","ID_FIBU_FIBUVPW_BETRAG","double","20","2","3","FIBU","Betrag in Fremdwährung"
"2515","Sollhaben (Fibu)","ID_FIBU_FIBUVP_SOLLHABEN","int","4","0","3","FIBU","SollHaben"
"2516","Nettokennzeichen (Fibu)","ID_FIBU_FIBUVP_NETKENNZ","short","10","0","3","FIBU","Nettokennzeichen"
"2517","Steuersatz (Fibu)","ID_FIBU_FIBUVP_STEUSATZ","double","10","2","3","FIBU","Steuersatz"
"2518","Steuerform (Fibu)","ID_FIBU_FIBUVP_STEUFORM","short","4","0","3","FIBU","Steuerform"
"2519","Steuerwert (Fibu)","ID_FIBU_FIBUVP_STEUWERT","double","20","2","3","FIBU","Steuerwert"
"2520","Steuerwert in Fremdwährung (Fibu)","ID_FIBU_FIBUVPW_STEUWERT","double","20","2","3","FIBU","Steuerwert in Fremdwährung"
"2521","Steuer manuell geändert (Fibu)","ID_FIBU_FIBUVP_STMANKENN","short","4","0","3","FIBU","Steuer manuell geändert"
"2522","Skontobetrag (Fibu)","ID_FIBU_FIBUVP_SKOBETRAG","double","20","2","3","FIBU","Skonto Betrag"
"2523","Skontobetrag in Fremdwährung (Fibu)","ID_FIBU_FIBUVPW_SKOBETRAG","double","20","2","3","FIBU","Skonto Betrag in Fremdwährung"
"2524","Skontosatz (Fibu)","ID_FIBU_FIBUVP_SKOSATZ","double","10","2","3","FIBU","Skontosatz"
"2525","Skontodatum (Fibu)","ID_FIBU_FIBUVP_SKODATUM","DateTime","10","0","0","FIBU","Skontodatum"
"2526","Forderungsbetrag (Fibu)","ID_FIBU_FIBUVP_FORDBETR","double","20","2","3","FIBU",""
"2527","Sollhaben Forderungsbetrag (Fibu)","ID_FIBU_FIBUVP_FORDBETSH","int","4","0","3","FIBU",""
"2528","Verbindlichkeitsbetrag (Fibu)","ID_FIBU_FIBUVP_VERBBETR","double","20","2","3","FIBU",""
"2529","Sollhaben Verbindlichkeitsbetrag (Fibu)","ID_FIBU_FIBUVP_VERBBETSH","int","4","0","3","FIBU",""
"2530","Valutadatum (Fibu)","ID_FIBU_FIBUVP_VALDATUM","DateTime","10","0","0","FIBU",""
"2531","Belegtext (Fibu)","ID_FIBU_FIBUVP_TEXT","string","99","0","0","fibu",""
"2532","Auszifferungskennzeichen (Fibu)","ID_FIBU_FIBUVP_AUSZKENNZ","short","8","0","3","FIBU",""
"2533","Auszifferungsdatum (Fibu)","ID_FIBU_FIBUVP_AUSZDATUM","DateTime","10","0","0","FIBU",""
"2534","Zinsstatus (Fibu)","ID_FIBU_FIBUVP_ZINSSTAT","short","10","0","3","FIBU",""
"2535","Belegdatum (Fibu)","ID_FIBU_FIBUV_DATUM","DateTime","10","0","0","FIBU",""
"2536","Nummernkreis (Fibu)","ID_FIBU_NUMKREISNUMMER","int","8","0","3","FIBU",""
"2537","Numerische Belegnummer (Fibu)","ID_FIBU_FIBUV_NUMNUMMER","int","8","0","3","FIBU",""
"2538","Belegnummer (Fibu)","ID_FIBU_FIBUV_NUMMER","string","12","0","0","fibu",""
"2539","Referenznummer (Fibu)","ID_FIBU_FIBUV_FREMDNR","string","20","0","0","FIBU",""
"2540","Jahrnummer (Fibu)","ID_FIBU_JAHRNUMMER","int","4","0","3","FIBU",""
"2541","Periode (Fibu)","ID_FIBU_PERINUMMER","int","8","0","3","FIBU",""
"2542","Waehrung (Fibu)","ID_FIBU_WAEHRNUMMER","int","4","0","3","FIBU",""
"2543","Erfassungsdatum (Fibu)","ID_FIBU_FIBUV_ERFDATUM","DateTime","10","0","0","FIBU",""
"2544","Buchungsstatus (Fibu)","ID_FIBU_FIBUV_BUCHSTAT","short","20","0","3","FIBU",""
"2545","Manuelle Kostenstellenverteilung (Fibu)","ID_FIBU_FIBUVP_KSTVKENNZ","short","4","0","3","FIBU",""
"2547","Bankleitzahl bezogene Bank (Fibu)","ID_FIBU_SCHECKEINR_BLZ","string","8","0","0","FIBU SCHECKEINR",""
"2548","Konto-Nr. Austeller (Fibu)","ID_FIBU_SCHECKEINR_KONTONR","string","31","0","0","FIBU SCHECKEINR",""
"2549","Hausbank Kontonummer (Fibu)","ID_FIBU_SCHECKEINR_HBKONTONR","string","15","0","0","FIBU SCHECKEINR",""
"2550","HausBank BLZ (Fibu)","ID_FIBU_SCHECKEINR_HBBLZ","string","8","0","0","FIBU SCHECKEINR",""
"2551","HausBank Bezeichnung (Fibu)","ID_FIBU_SCHECKEINR_HBBANKBEZEICH","string","40","0","0","FIBU SCHECKEINR",""
"2552","Bankbezeichnung (Fibu)","ID_FIBU_SCHECKEINR_BANKBEZEICH","string","40","0","0","FIBU",""
"2553","Kontoinhaber / Auftraggeber (Fibu)","ID_FIBU_SCHECKEINR_AUFTRAGGEBER","string","40","0","0","FIBU",""
"2554","Anzahl Schecks (Fibu)","ID_FIBU_SCHECKEINR_ANZAHL","int","10","0","3","FIBU SCHECKEINR",""
"2555","Gesamtbetrag (Fibu)","ID_FIBU_SCHECKEINR_GESAMT","double","20","2","3","FIBU SCHECKEINR",""
"2556","Scheck-Nr. (Fibu)","ID_FIBU_SCHECKNUMMER","string","20","0","0","FIBU SCHECKEINR",""
"2557","Währung (DM o. EUR) (Fibu)","ID_FIBU_SCHECKEINR_WAEHRUNG","short","4","0","3","FIBU SCHECKEINR",""
"2558","Bemessungsgrundlage (Fibu)","ID_FIBU_BEMESSUNGSGRUNDLAGE","double","20","0","3","FIBU",""
"2559","Mandanten Anrede","ID_FIBU_MND_ANREDE","string","100","0","0","FIBU MND",""
"2560","Mandanten Vorname","ID_FIBU_MND_VORNAME","string","100","0","0","FIBU MND",""
"2561","Mandanten Name","ID_FIBU_MND_NAME","string","100","0","0","FIBU MND",""
"2562","Mandanten Strasse","ID_FIBU_MND_STRASSE","string","100","0","0","FIBU MND",""
"2563","Mandanten PLZ","ID_FIBU_MND_PLZ","string","8","0","0","FIBU MND",""
"2564","Mandanten Ort","ID_FIBU_MND_ORT","string","100","0","0","FIBU MND",""
"2565","Mandanten Telefon","ID_FIBU_MND_TELEFON","string","25","0","0","FIBU MND",""
"2566","Mandanten USt-IdNr.","ID_FIBU_MND_USTIDNR","string","16","0","0","FIBU MND",""
"2567","Mandanten Bezeichnung","ID_FIBU_MND_BEZEICH","string","40","0","0","FIBU_MND","Bezeichnung des Mandanten"
"2568","Kennzeichen Buchungssperre","ID_FIBU_FIBUV_BUCHSPERRE","short","4","0","3","FIBU","Kennzeichen Buchungssperre"
"2569","Mandand Steuernummer","ID_FIBU_MND_STEUERNR","","11","0","0","FIBU_MND",""
"2570","DTA Laufnummer / ZahllaufId","ID_FIBU_DBZ_DTALaufNr","int","8","0","3","FIBU_DBZ","DTA Laufnummer(Fibu)"
"2571","DTA/Scheck Waehrungskurztext (DEM/EUR)","ID_FIBU_DBZ_WAEHRKURZTEXT","string","4","0","0","FIBU_DBZ","Bezeichnung der Währung(Euro / DEM)"
"2572","DTA Erstelldatum Diskette","ID_FIBU_DBZ_ERSTELLDATUM","DateTime","10","0","0","FIBU_DBZ","Erstelldatum der Diskette"
"2573","DTA Anzahl CSätze","ID_FIBU_DBZ_ANZAHLCSAETZE","int","7","0","3","FIBU_DBZ","Anzahl der Sätze innerhalb des DTA´s"
"2574","DTA/Scheck Summe Betrag","ID_FIBU_DBZ_SUMMEBETRAG","double","13","2","3","FIBU_DBZ","Summe der Beträge in Euro oder in DM"
"2575","DTA Summe Konto (nur DTAUS)","ID_FIBU_DBZ_SUMMEKONTO","double","17","0","3","FIBU_DBZ","Summe aller Bankkonten"
"2576","DTA Summe BLZ (nur DTAUS)","ID_FIBU_DBZ_SUMMEBLZ","double","17","0","3","FIBU_DBZ","Summe aller BLZ"
"2577","DTA/Scheck Absenderkonto","ID_FIBU_DBZ_ABSENDERKONTO","double","10","0","3","FIBU_DBZ","Absender Konto"
"2578","DTA/Scheck Absender BLZ","ID_FIBU_DBZ_ABSENDERBLZ","double","8","0","3","FIBU_DBZ",""
"2579","DTA/Scheck Bankname","ID_FIBU_DBZ_BANKNAME","string","60","0","0","FIBU_DBZ","Name der Absenderbank"
"2580","DTA/Scheck Telefon","ID_FIBU_DBZ_TELEFON","string","25","0","0","FIBU_DBZ","Telefonnummer der Filiale"
"2581","DTA/Scheck Bearbeiter","ID_FIBU_DBZ_BEARBEITER","string","40","0","0","FIBU_DBZ","Name Extern des Bedieners"
"2582","Verhalten bei Überdisposition","ID_FTD_OVERFLOW","short","0","0","0","FTD_OVERFLOW",""
"2583","DTA Referenznummer(nur DTAUS)","ID_FIBU_DBZ_REFERENZNUMMER","int","10","0","3","FIBU_DBZ","referenznummer innerhalb der Diskette"
"2584","DTA/Scheck Bestandsart","ID_FIBU_DBZ_BESTANDSART","string","8","0","0","FIBU_DBZ","GUTSCHR oder LASTSCHR"
"2586","DTA/Scheck Vorgangsart","ID_FIBU_DBZ_VORGANGSART","string","30","0","0","FIBU_DBZ","SammelEinzug oder Sammelüberweisung"
"2587","Mandanten Kurzname","ID_FIBU_MND_KURZBEZEICH","string","40","0","0","FIBU_MND",""
"2590","DTA/Scheck Bedienerkürzel","ID_FIBU_DBZ_BEDIENERKURZ","string","20","0","0","FIBU_DBZ","Bedienerkennung mit der man sich anmeldet"
"2591","DTA/Scheck Bankkonto unseres Kunden","ID_FIBU_DBZ_BANKKONTOKUNDE","string","34","0","0","FIBU_DBZ","Kundenbankkonto beim DTA"
"2592","DTA/Scheck BLZ unseres Kunden","ID_FIBU_DBZ_BLZKUNDE","double","8","0","3","FIBU_DBZ","BLZ des Kunden Beim DTA"
"2593","DTA/Scheck Zahlungsbetrag","ID_FIBU_DBZ_ZAHLUNGBETRAG","double","15","2","3","FIBU_DBZ","Zahlungsbetrag"
"2594","DTA/AVISE Empfänger Bankkonto","ID_FIBU_DBZ_EMPFAENGERKONTO","string","10","0","0","FIBU_DBZ","Bankkonto unseres Kunden"
"2595","DTA/AVISE Empfänger BLZ","ID_FIBU_DBZ_EMPFAENGERBLZ","string","8","0","0","FIBU_DBZ","BLZ unseres Kunden"
"2596","DTA/AVISE Gewährter Skonto","ID_FIBU_DBZ_ZAHLPOSSKONTO","double","15","2","3","FIBU_DBZ","Skonto"
"2597","DTA/AVISE Zahlungssollhaben","ID_FIBU_DBZ_ZAHLUNGSOLLHABEN","int","1","0","3","FIBU_DBZ","Sollhabenkennzeichen"
"2598","DTA/AVISE ZahlungDatum","ID_FIBU_DBZ_ZAHLUNGDATUM","DateTime","10","0","0","FIBU_DBZ","Datum der Zahlung"
"2599","DTA/AVISE Betrag der Zahlungsposition","ID_FIBU_DBZ_ZAHLPOSBETRAG","double","20","2","3","FIBU_DBZ","ZAHLPOSBETRAG aus Zahlungsposition"
"2600","DTA/AVISE SollHaben der ZahlungsPosition","ID_FIBU_DBZ_ZAHLPOSSH","int","4","0","3","FIBU_DBZ","ZAHLPOSSH aus Zahlungsposiiton"
"2601","DTA/AVISE gezahlt Soll","ID_FIBU_DBZ_ZAHLPOSSOLL","double","20","2","3","FIBU_DBZ","Wenn Soll dann ZAHLPOSBETRAG sonst 0"
"2602","DTA/AVISE gezahlt Haben","ID_FIBU_DBZ_ZAHLPOSHABEN","double","20","2","3","FIBU_DBZ","Wenn Haben dann Zahlposbetrag sonst 0"
"2603","DTA/AVISE Summe Betrag","ID_FIBU_AVISE_SUMMEBETRAG","double","20","2","3","FIBU_DBZ","Summe Betrag auf AVISE"
"2604","DTA/AVISE Summe Skonto","ID_FIBU_AVISE_SUMMESKONTO","double","20","2","3","FIBU_DBZ","Summe ZahlPosSkonto"
"2605","DTA/AVISE Summe ZahlBetrag","ID_FIBU_AVISE_SUMMEZAHLBETRAG","double","20","2","3","FIBU_DBZ","Summe ZahlPosBetrag"
"2606","DTA/AVISE ZahlungsId","ID_FIBU_AVISE_ZAHLUNGID","int","10","0","3","FIBU_DBZ","Zahlungid"
"2607","ScheckNummer","ID_FIBU_AVISE_ZAHLUNGSCHECKNR","int","10","0","3","FIBU_DBZ",""
"2608","DTA/AVISE Betrag-Skonto","ID_FIBU_AVISE_ZAHLPOSSALDO","double","20","2","3","FIBU_DBZ",""
"2609","Auftraggeber aus dem Bankenstamm","ID_FIBU_DBZ_AUFTRAGGEBER","string","40","0","0","FIBU_DBZ","Banksammelliste"
"2610","Betrag auf dem Scheck in Euro","ID_FIBU_BSL_SCHECKBETRAG","double","20","2","3","FIBU_DBZ","Betrag auf dem Scheck in Euro"
"2611","Waehrung des Scheckbetrags","ID_FIBU_BSL_SCHECKWAEHRUNG","int","10","0","3","FIBU_DBZ","Waehrung des Scheckbetrags"
"2612","DTA/Scheck Rechnungsbetrag","ID_FIBU_BSL_RECHNUNGSBETRAG","double","20","2","3","FIBU_DBZ","DTA/AVISE Rechnungsbetrag (ohne Skontoabzug)"
"2613","DTA/Scheck SkontoBetrag","ID_FIBU_BSL_SKONTOBETRAG","double","20","2","3","FIBU_DBZ","Skontobetrag im DTA/Scheck"
"2614","DTA/Scheck Summe Rechnungsbetrag","ID_FIBU_BSL_SUMMERECHNUNGSBETRAG","double","20","2","3","FIBU_DBZ","Summe Rechnungsbetrag (ohne Skontoabzug)"
"2615","DTA/SCHECK Summe Skontoabzug","ID_FIBU_BSL_SUMMESKONTOBETRAG","double","20","2","3","FIBU_DBZ","Summe Skontoabtzug"
"2616","DTA/Scheck Akontotext","ID_FIBU_AVISE_AKONTOTEXT","string","100","0","0","FIBU_DBZ",""
"2617","DTAZV Auftragswährung","ID_FIBU_DTAZV_AUFTRWAEHR","int","4","0","3","FIBU_DTAZV","Auftragswährung"
"2618","DTAZV Betragsummepro Währung","ID_FIBU_DTAZV_BETRAGPROWAEHRUNG","double","20","2","3","FIBU_DTAZV","Betrag"
"2619","Ausführungstermin","ID_FIBU_DTAZV_AUSFUEHRDATUM","DateTime","10","0","0","FIBU_DTAZV","Ausführtermin"
"2620","DTAZV Waehrung bei Gegenwertzahlung","ID_FIBU_DTAZV_WAEHRUNGGEGENWERT","int","4","0","3","FIBU_DTAZV","Waehrung bei Gegenwertzahlung"
"2621","Währung der Hausbank","ID_FIBU_DTAZV_HBANKWAEHRNUMMER","int","4","0","3","FIBU_DTAZV","Währung der Hausbank"
"2622","Erster Ausführungstermin","ID_FIBU_DTAZV_ERSTEAUSFUEHRUNG","DateTime","10","0","0","FIBU_DTAZV","erster ausführtermin"
"2623","IBAN Nummer des Kunden","ID_FIBU_DBZ_BANKIBANKUNDE","string","35","0","0","FIBU_DTAZV","IBAN Nummer des Kunden"
"2624","Bruttobetrag","ID_FIBU_BRUTTOBETRAG","int","20","0","3","FIBU","Netto + steuer"
"2625","Bruttobetrag Soll","ID_FIBU_BRUTTOSOLL","int","20","0","3","FIBU","Netto + Steuer"
"2626","Bruttobetrag Haben","ID_FIBU_BRUTTOHABEN","int","20","0","3","FIBU","Netto + Steuer"
"2627","Hinweistext","ID_FIBU_AVISE_TEXT","string","100","0","0","FIBU","ZahlPosText"
"2628","Zeilennummer","ID_FIBU_ZUMELD_ZEILENZAHL","int","8","0","3","FIBU",""
"2629","PaginierNr","ID_FIBU_FIBUV_PAGINIERNR","int","40","0","3","FIBU",""
"2630","KundZinsAbschlagskonto","ID_FIBU_ZINSABSCHLKTO","int","10","0","3","FIBU","KundZinsAbschlagskonto"
"2631","Nummer der Kirchensteuer","ID_FIBU_KUNDZINSKISTNUMMER","int","10","0","3","FIBU","Nummer der Kirchensteuer"
"2632","KundZinsZinsKto","ID_FIBU_KUNDZINSZINSKTO","int","9","0","3","FIBU",""
"2633","BSL Bezeichnung Empfänger","ID_FIBU_BSL_BANKKUNDEBEZEICH","string","27","0","0","FIBU_DBZ",""
"2634","BIC der Bank des Kunden","ID_FIBU_DBZ_BANKBICKUNDE","string","11","0","0","FIBU_DTAZV",""
"2639","SachkontOPKennz","ID_FIBU_SACHKONTOPKENNZ","short","8","0","3","FIBU",""
"2640","Kostenträger","ID_FIBU_KSTRNUMMER","int","8","0","3","FIBU",""
"2641","Manuelle Verteilung Kostenträger","ID_FIBU_FIBUVP_KSTRVKENNZ","short","5","0","3","FIBU",""
"2642","abweichende Datev-Kontonummer","ID_FIBU_KUNDNUMMERDATEV","int","10","0","3","FIBU","Abweichende Datevkontonummer im Kundenstamm"
"2643","Kunden Obligonummer","ID_FIBU_KUNDOBLIGONUMMER","int","8","0","3","FIBU","ID_FIBU_KUNDOBLIGONUMMER"
"2644","DTA/Scheck Absender BIC","ID_FIBU_DBZ_ABSENDERBIC","","11","0","0","FIBU",""
"2645","DTA/Scheck Absender IBAN","ID_FIBU_DBZ_ABSENDERIBAN","","34","0","0","FIBU",""
"2646","Kontraktartikelplanlieferdatum","ID_KTRARTIPLANLIEFDATUM","string","100","0","0","ktrartiplanliefdatum",""
"2647","Kontraktartikellieferzeit","ID_KTRARTIPLANLIEFZEIT","string","25","0","0","ktrartiplanliefzeit",""
"2648","STATUSOTEXPORT","ID_STATUSOTEXPORT","","0","0","0","",""
"2650","Finanzamt Anschrift1","ID_FIBU_MND_FINANZAMTANSCHRIFT1","string","60","0","0","FIBU_MND",""
"2651","Finanzamt Anschrift2","ID_FIBU_MND_FINANZAMTANSCHRIFT2","string","60","0","0","FIBU_MND",""
"2652","Finanzamt Anschrift 3","ID_FIBU_MND_FINANZAMTANSCHRIFT3","string","60","0","0","FIBU_MND",""
"2653","Drucktext aus Textstamm [FITXT]","ID_FIBU_DRUCKTEXT","string","80","0","0","FIBU",""
"2700","Rohware Referenznummer 2","ID_RWREF2","int","12","0","3","Referenznummer",""
"2701","Maßeinheit-Nummer per Ref2","ID_RWREF2_MASSNUMMER","int","8","0","3","massnummer","Rohware-Maßeinheit-Nummer per Ref2 als Parameter"
"2702","Masseinheit per Ref2","ID_RWREF2_MASSEINHEIT","string","10","0","0","Masseinheit","Rohware-Masseinheit per Ref2 als Parameter"
"2703","Bruttomenge Rohware per Ref2","ID_RWREF2_BRUTTOMENGE","double","15","0","3","menge brutto","Bruttomenge Rohware per Ref2 als Parameter"
"2704","Nettomenge Rohware per Ref2","ID_RWREF2_NETTOMENGE","double","15","0","3","menge netto","Nettomenge Rohware per Ref2 als Parameter"
"2705","Ausgangs-Produktpreis per Ref2","ID_RWREF2_APPREIS","double","15","3","3","preis","Ausgangs-Produktpreis per Ref2 als Parameter"
"2706","End-Produkt-Preis ( Rohware ) per Ref2","ID_RWREF2_EPPREIS","double","15","3","3","preis","End-Produkt-Preis ( Rohware ) per Ref2 als Parameter"
"2707","Ausgangspreis Abschlag per Ref2","ID_RWREF2_AAPREIS","double","15","3","3","preis","Ausgangspreis Abschlag ( Rohware ) per Ref2 als Parameter"
"2708","End-Abschlag-Preis per Ref2","ID_RWREF2_EAPREIS","double","15","3","3","preis","End-Abschlag-Preis (  Rohware ) per Ref2 als Parameter"
"2709","Anfangs-Weltmarkt-Preis per Ref2","ID_RWREF2_AWPREIS","double","15","3","3","preis","Anfangs-Weltmarkt-Preis ( Rohware ) perRef2 als Parameter"
"2710","End-Weltmarkt-Preis per Ref2","ID_RWREF2_EWPREIS","double","15","3","3","preis","End-Weltmarkt-Preis ( Rohware ) per Ref2 als Parameter"
"2711","Anfangs-Mindest-Preis per Ref2","ID_RWREF2_AMPREIS","double","15","3","3","preis","Anfangs-Mindest-Preis ( Rohware ) per Ref2"
"2712","End-Mindest-Preis per Ref2","ID_RWREF2_EMPREIS","double","15","3","3","preis","End-Mindest-Preis ( Rohware ) per Ref2 als Parameter"
"2713","Kontraktmenge der Position per Ref2","ID_RWREF2_KTRMENGE","double","15","0","3","kontraktmenge","Kontraktmenge der Position per Ref2 als Parameter"
"2714","Rohware-Kostensatz im Beleg per Ref2","ID_RWREF2_KST_SATZ","double","15","3","3","kostensatz","Rohware-Kostensatz im Beleg per Ref2 als Parameter"
"2715","Rohware-Kostenmenge im Beleg per Ref2","ID_RWREF2_KST_MENGE","double","10","0","3","kostenmenge","Rohware-Kostenmenge im Beleg per Ref2"
"2716","Rohware-Kostenbetrag im Beleg per Ref2","ID_RWREF2_KST_BETRAG","double","15","2","3","kostenbetrag","Rohware-Kostenbetrag im Beleg per Ref2 als Parameter"
"2717","Artikelnummer per Ref2","ID_RWREF2_ARTIKELNUMMER","string","20","0","0","Artikelnummer","Artikelnummer per Ref2 als Parameter"
"2718","Artikelstammnummer per Ref2","ID_RWREF2_ARTISTAMMNUMMER","string","20","0","0","Artikelstammnummer","Artikelstammnummer per Ref2 als Parameter"
"2719","Mengeneinheits-Bezeichnung per Ref2","ID_RWREF2_ME_BEZEICHNUNG","string","60","0","0","mebezeich","Mengeneinheits-Bezeichnung per Ref2 als Parameter"
"2720","Preismengeneinheits-Bezeichnung per Ref2","ID_RWREF2_ME_BEZEICHNUNGPREIS","string","20","0","0","me_bezeichpreis","Preismengeneinheits-Bezeichnung per Ref2 als Parameter"
"2721","Mengeneinheits-Langtext per Ref2","ID_RWREF2_ME_LANGTEXT","string","40","0","0","melangtext","Mengeneinheits-Langtext per Ref2 als Parameter"
"2722","Preismengeneinheits-Langtext per Ref2","ID_RWREF2_ME_LANGTEXTPREIS","string","40","0","0","me_langtextpreis","Preismengeneinheits-Langtext per Ref2 als Parameter"
"2723","Mengeneinheits-Nummer per Ref2","ID_RWREF2_ME_NUMMER","int","10","0","3","me_nummer","Mengeneinheits-Nummer per Ref2 als Parameter"
"2724","Preismengeneinheits-Nummer per Ref2","ID_RWREF2_ME_NUMMERPREIS","int","10","0","3","me_nummerpreis","Preismengeneinheits-Nummer per Ref2 als Parameter"
"2725","Mengeneinheits-Kurztext per Ref2","ID_RWREF2_ME_TEXT","string","20","0","0","metext","Mengeneinheits-Kurztext per Ref2 als Parameter"
"2726","Preimengeneinheits-Text per Ref2","ID_RWREF2_ME_TEXTPREIS","string","40","0","0","me_textpreis","Preimengeneinheits-Text per Ref2 als Parameter"
"2727","Analysewert per Ref2","ID_RWREF2_ANALYSE_WERT","double","12","2","3","anawert","Analysewert per Ref2 als Parameter"
"2728","Analyse Wert Korrektur per Ref2","ID_RWREF2_ANALYSE_WERT_KORREKTUR","double","13","2","3","anawertk","Analyse Wert Korrektur per Ref2"
"2729","Unterer Basiswert per Ref2","ID_RWREF2_UNTER_BASIS","double","12","2","3","unterbasis","Unterer Basiswert per Ref2 als Parameter"
"2730","Oberer Basiswert per Ref2","ID_RWREF2_OBER_BASIS","double","12","2","3","oberbasis","Oberer Basiswert per Ref2 als Parameter"
"2731","Bezugsmenge per Ref2","ID_RWREF2_BEZUGSMENGE","double","12","3","3","bezugsmenge","Bezugsmenge per Ref2 als Parameter"
"2732","Bezugspreis per Ref2","ID_RWREF2_BEZUGSPREIS","double","15","2","3","bezpreis","Bezugspreis per Ref2 als Parameter"
"2733","Zu-/Abschlagsmenge per Ref2","ID_RWREF2_ZUABMENGE","double","15","3","3","zuabmenge","Zu-/Abschlagsmenge per Ref2 als Parameter"
"2734","Preis-ZuAbschlag per Ref2","ID_RWREF2_ZUABPREIS","double","12","2","3","zuabpreis","Preis-ZuAbschlag per Ref2 als Parameter"
"2735","Zu- oder Abschlag per Ref2","ID_RWREF2_ZUABSCHLAG","double","15","2","3","Zu/Abschlag","Zu- oder Abschlag per Ref2 als Parameter"
"2736","Neu ermittelter Preis per Ref2","ID_RWREF2_NEU_PREIS","double","15","3","3","neupreis","Neu ermittelter Preis per Ref2 als Parameter"
"2737","Neu ermittelte Menge per Ref2","ID_RWREF2_NEU_MENGE","double","15","3","3","neumenge","Neu ermittelte Menge per Ref2 als Parameter"
"2750","Rohware Referenznummer 3","ID_RWREF3","int","12","0","3","Referenznummer",""
"2751","Maßeinheit-Nummer per Ref3","ID_RWREF3_MASSNUMMER","int","8","0","3","massnummer","Rohware-Maßeinheit-Nummer per Ref3 als Parameter"
"2752","Masseinheit per Ref3","ID_RWREF3_MASSEINHEIT","string","10","0","0","Masseinheit","Rohware-Masseinheit per Ref3 als Parameter"
"2753","Bruttomenge Rohware per Ref3","ID_RWREF3_BRUTTOMENGE","double","15","0","3","menge brutto","Bruttomenge Rohware per Ref3 als Parameter"
"2754","Nettomenge Rohware per Ref3","ID_RWREF3_NETTOMENGE","double","15","0","3","menge netto","Nettomenge Rohware per Ref3 als Parameter"
"2755","Ausgangs-Produktpreis per Ref3","ID_RWREF3_APPREIS","double","15","3","3","preis","Ausgangs-Produktpreis per Ref3 als Parameter"
"2756","End-Produkt-Preis ( Rohware ) per Ref3","ID_RWREF3_EPPREIS","double","15","3","3","preis","End-Produkt-Preis ( Rohware ) per Ref3 als Parameter"
"2757","Ausgangspreis Abschlag per Ref3","ID_RWREF3_AAPREIS","double","15","3","3","preis","Ausgangspreis Abschlag ( Rohware ) per Ref3 als Parameter"
"2758","End-Abschlag-Preis per Ref3","ID_RWREF3_EAPREIS","double","15","3","3","preis","End-Abschlag-Preis (  Rohware ) per Ref3 als Parameter"
"2759","Anfangs-Weltmarkt-Preis per Ref3","ID_RWREF3_AWPREIS","double","15","3","3","preis","Anfangs-Weltmarkt-Preis ( Rohware ) perRef3 als Parameter"
"2760","End-Weltmarkt-Preis per Ref3","ID_RWREF3_EWPREIS","double","15","3","3","preis","End-Weltmarkt-Preis ( Rohware ) per Ref3 als Parameter"
"2761","Anfangs-Mindest-Preis per Ref3","ID_RWREF3_AMPREIS","double","15","3","3","preis","Anfangs-Mindest-Preis ( Rohware ) per Ref3"
"2762","End-Mindest-Preis per Ref3","ID_RWREF3_EMPREIS","double","15","3","3","preis","End-Mindest-Preis ( Rohware ) per Ref3 als Parameter"
"2763","Kontraktmenge der Position per Ref3","ID_RWREF3_KTRMENGE","double","15","0","3","kontraktmenge","Kontraktmenge der Position per Ref3 als Parameter"
"2764","Rohware-Kostensatz im Beleg per Ref3","ID_RWREF3_KST_SATZ","double","15","3","3","kostensatz","Rohware-Kostensatz im Beleg per Ref3 als Parameter"
"2765","Rohware-Kostenmenge im Beleg per Ref3","ID_RWREF3_KST_MENGE","double","10","0","3","kostenmenge","Rohware-Kostenmenge im Beleg per Ref3"
"2766","Rohware-Kostenbetrag im Beleg per Ref3","ID_RWREF3_KST_BETRAG","double","15","2","3","kostenbetrag","Rohware-Kostenbetrag im Beleg per Ref3 als Parameter"
"2767","Artikelnummer per Ref3","ID_RWREF3_ARTIKELNUMMER","string","20","0","0","Artikelnummer","Artikelnummer per Ref3 als Parameter"
"2768","Artikelstammnummer per Ref3","ID_RWREF3_ARTISTAMMNUMMER","string","20","0","0","Artikelstammnummer","Artikelstammnummer per Ref3 als Parameter"
"2769","Mengeneinheits-Bezeichnung per Ref3","ID_RWREF3_ME_BEZEICHNUNG","string","60","0","0","mebezeich","Mengeneinheits-Bezeichnung per Ref3 als Parameter"
"2770","Preismengeneinheits-Bezeichnung per Ref3","ID_RWREF3_ME_BEZEICHNUNGPREIS","string","20","0","0","me_bezeichpreis","Preismengeneinheits-Bezeichnung per Ref3 als Parameter"
"2771","Mengeneinheits-Langtext per Ref3","ID_RWREF3_ME_LANGTEXT","string","40","0","0","melangtext","Mengeneinheits-Langtext per Ref3 als Parameter"
"2772","Preismengeneinheits-Langtext per Ref3","ID_RWREF3_ME_LANGTEXTPREIS","string","40","0","0","me_langtextpreis","Preismengeneinheits-Langtext per Ref3 als Parameter"
"2773","Mengeneinheits-Nummer per Ref3","ID_RWREF3_ME_NUMMER","int","10","0","3","me_nummer","Mengeneinheits-Nummer per Ref3 als Parameter"
"2774","Preismengeneinheits-Nummer per Ref3","ID_RWREF3_ME_NUMMERPREIS","int","10","0","3","me_nummerpreis","Preismengeneinheits-Nummer per Ref3 als Parameter"
"2775","Mengeneinheits-Kurztext per Ref3","ID_RWREF3_ME_TEXT","string","20","0","0","metext","Mengeneinheits-Kurztext per Ref3 als Parameter"
"2776","Preimengeneinheits-Text per Ref3","ID_RWREF3_ME_TEXTPREIS","string","40","0","0","me_textprei","Preimengeneinheits-Text per Ref3 als Parameter"
"2777","Analysewert per Ref3","ID_RWREF3_ANALYSE_WERT","double","12","2","3","anawert","Analysewert per Ref3 als Parameter"
"2778","Analyse Wert Korrektur per Ref3","ID_RWREF3_ANALYSE_WERT_KORREKTUR","double","13","2","3","anawertk","Analyse Wert Korrektur per Ref3"
"2779","Unterer Basiswert per Ref3","ID_RWREF3_UNTER_BASIS","double","12","2","3","unterbas","Unterer Basiswert per Ref3 als Parameter"
"2780","Oberer Basiswert per Ref3","ID_RWREF3_OBER_BASIS","double","12","2","3","oberbasis","Oberer Basiswert per Ref3 als Parameter"
"2781","Bezugsmenge per Ref3","ID_RWREF3_BEZUGSMENGE","double","12","3","3","bezugsmenge","Bezugsmenge per Ref3 als Parameter"
"2782","Bezugspreis per Ref3","ID_RWREF3_BEZUGSPREIS","double","15","2","3","bezpreis","Bezugspreis per Ref3 als Parameter"
"2783","Zu-/Abschlagsmenge per Ref3","ID_RWREF3_ZUABMENGE","double","15","3","3","zuabmenge","Zu-/Abschlagsmenge per Ref3 als Parameter"
"2784","Preis-ZuAbschlag per Ref3","ID_RWREF3_ZUABPREIS","double","12","2","3","zuabpreis","Preis-ZuAbschlag per Ref3 als Parameter"
"2785","Zu- oder Abschlag per Ref3","ID_RWREF3_ZUABSCHLAG","double","15","2","3","Zu/Abschlag","Zu- oder Abschlag per Ref3 als Parameter"
"2786","Neu ermittelter Preis per Ref3","ID_RWREF3_NEU_PREIS","double","15","3","3","neupreis","Neu ermittelter Preis per Ref3 als Parameter"
"2787","Neu ermittelte Menge per Ref3","ID_RWREF3_NEU_MENGE","double","15","3","3","neumenge","Neu ermittelte Menge per Ref3 als Parameter"
"2788","technischer Bestandsbeleg","ID_TECHNISCHERBESTAND","int","1","0","0","technischerBestand","technischer Bestandsbeleg"
"2999","Feldname","ID_MASKENFELD_NAME","string","25","0","0","Feldname",""
"3000","Datum für Zeitraum-Zuordnungen","ID_ABGRENZDATUM","DateTime","10","0","0","abgrenzdatum",""
"3001","Kontrakt Id","ID_KTRID","int","8","0","3","ktrid",""
"3002","Kontrakt-Klasse","ID_KTRKLASSE","int","6","0","3","ktrklasse",""
"3003","Kontrakt-Nummer","ID_KTRNUMMER","int","8","0","3","ktrnummer",""
"3004","Kontrakt-Matchcode","ID_KTRMATCH","string","30","0","0","ktrmatchr",""
"3005","Kontrakt-GruppenId","ID_KTRGRUPID","int","8","0","3","ktrgrpidr",""
"3006","Kontrakt-Bezeichnung","ID_KTRBEZEICH","string","40","0","0","ktrbezeich",""
"3007","Kontrakt Adresse","ID_KTRADRESSID","void","80","5","5","ID_KTRADRESSE",""
"3008","BedienerId Neu","ID_KTRBEDNEU","int","8","0","3","ID_KTRBEDNEU",""
"3009","BedienerId Korrektur","ID_KTRBEDKORR","int","8","0","3","ID_KTRBEDKORR",""
"3010","Kontrakt-Mengeneinheit","ID_KTRMEKURZ","string","6","0","0","ktrmekurz",""
"3011","Währungsbezeichnung","ID_KTRWAEHRUNG","string","10","0","0","ktrwaehrung",""
"3012","Kontrakt-Dispositions-Kennzeichen","ID_KTRDISPOKENNZ","short","9","0","3","ktrdispokennz",""
"3013","Kontrakt-Dispositions-Bezeichnung","ID_KTRDISPOBEZEICH","string","40","0","0","ktrdispobezeich",""
"3014","Kontrakt-Dispositions-Bemerkungen","ID_KTRDISPOBEMERK","void","250","0","5","ktrdispobemerk",""
"3015","Referenz-Kontraktnummer (Gegenseite)","ID_KTRREFERENZNR","string","40","0","0","ktrreferenznr",""
"3017","Kontrakt-Anfangsdatum","ID_KTRABDATUM","DateTime","10","0","0","ktrabdatum",""
"3018","Kontrakt-Enddatum","ID_KTRBISDATUM","DateTime","10","0","0","ktrbisdatum",""
"3019","Kontrakt-Enddatum incl. Übertage","ID_KTRBISDATUMFIX","DateTime","10","0","0","ktrbisdatumfix",""
"3020","Kontrakt-Kulanztage","ID_KTRUEBERTAGE","int","4","0","0","ktruebertage",""
"3021","Maximale Unterschreitung in Prozent","ID_KTRUNTERPROZ","double","6","0","3","ktrunterproz",""
"3022","Maximale Überschreitung in Prozent","ID_KTRUEBERPROZ","double","6","0","3","ktrueberproz",""
"3023","Kennzeichnung als Muster","ID_KTRMUSTERKENNZ","short","20","0","1","ktrmusterkennz",""
"3024","Kennzeichnung Einzel-/Gesamtmengen","ID_KTREINZELTYP","short","20","0","1","ktreinzeltyp",""
"3025","Kennzeichnung Mengen oder Werte","ID_KTRMENGENTYP","short","20","0","1","ktrmengentyp",""
"3026","Mengeneinheit des Kontrakts","ID_KTRMENGENEINHEIT","int","8","0","3","ktrmengeneinheit",""
"3027","Kontrakt-Vorauszeiträume-Anzahl","ID_KTRVORAUSANZAHL","int","2","0","3","ktrvorausanzahl",""
"3028","Rohwaren-Mengenvereinbarung Kontrakt","ID_KTRROHMENGENTYP","int","4","0","3","ktrrohmengentyp",""
"3029","Kontrakt-Rohware-Kennzeichen","ID_KTRROHKENNZ","short","4","0","0","ktrrohwarekennz","Nur für internen Gebrauch"
"3030","Kontrakt-Zahlungsbedingung","ID_KTR_ZB_NUMMER","int","4","0","3","zahlungsbedingung","nur für interne Kommunikation"
"3031","Kontr.ZB-Zieltage","ID_KTR_ZB_ZIEL","int","4","0","3","zahlungsbedingung","für interne Kommunikation"
"3032","Kontrakt-Skontotage","ID_KTR_ZB_SKZIEL","int","0","0","3","zahlungsbedingung","nur für interne Kommunikation"
"3033","Kontrakt-Skontosatz","ID_KTR_ZB_SKSATZ","double","0","0","3","zahlungsbedingung","nur für internen Gebrauch"
"3034","Kontrakt-Zieldatum","ID_KTR_ZB_ZDATUM","DateTime","0","0","3","zahlungsbedingung","nur für internen Gebrauch"
"3051","Kontraktklassen-Bezeichnung","ID_KTRKLASSBEZEICH","string","40","0","0","ktrklassbezeich",""
"3052","Kontraktgruppen-Nummer","ID_KTRGRUPNUMMER","int","9","0","3","ktrgrupnummer",""
"3053","Kontraktgruppen-Bezeichnung","ID_KTRGRUPBEZEICH","string","40","0","0","ktrgrupbezeich",""
"3055","Kundennummer des Hauptkunden","ID_KTRKUNDNUMMERHAUPT","int","9","0","0","ktrkundnummerhaupt",""
"3056","Bezeichnung des Hauptkunden","ID_KTRKUNDBEZEICHHAUPT","string","40","0","0","ktrkundbezeichhaupt",""
"3057","Anschrift des Hauptkunden","ID_KTRKUNDADRESSEHAUPT","void","80","0","5","ktrkundadressehaupt",""
"3058","Nachkommastellen für Kontraktmengen","ID_KTRMENGENNACHKOMMA","int","1","0","3","ktrmengennachkomma","Nicht für Druckeinrichtung"
"3059","Nachhaltigkeitsstatus Kontraktartikel","ID_NH_KTR_ART_STATUS","int","8","0","3","NH KTRART Status",""
"3060","Paritätsnummer","ID_KTRPARITAETNUMMER","int","9","0","3","ktrparitaetnummer",""
"3061","Paritätsbezeichnung","ID_KTRPARITAETBEZEICH","string","40","0","0","ktrparitaetbezeich",""
"3070","Ausweichlisten-Nummer","ID_KTRAUSWLINUMMER","int","4","0","3","ktrauswlinummer",""
"3071","Ausweichlisten-Bezeichnung","ID_KTRAUSWLIBEZEICH","string","40","0","0","ktrauswlibezeich",""
"3089","Kontrakt-Vertretergruppe","ID_KTRVERTGRP","int","4","0","3","Vertreter","für interne Kommunikation"
"3101","Kontrakt-Artikel-Unterschreitungsmenge","ID_KTRARTIUNTMENGE","double","16","0","3","ktrartiuntmenge",""
"3102","Kontrakt-Artikel-Unterschreitungswert","ID_KTRARTIUNTWERT","double","16","2","3","ktrartiuntwert",""
"3103","Kontrakt-Artikel-Überschreitungsmenge","ID_KTRARTIUEBMENGE","double","16","0","3","ktrartiuebmenge",""
"3104","Kontrakt-Artikel-Überschreitungswert","ID_KTRARTIUEBWERT","double","16","2","3","ktrartiuebwert",""
"3110","Anfang Abnahmezeitraum","ID_KTRMEZRABDATUM","DateTime","10","0","0","ktrmezrabdatum",""
"3111","Kontraktartikel-Sollmenge im Zeitraum","ID_KTRARTISOLLMENGE","double","16","0","3","ktrartisollmenge",""
"3112","Kontraktartikel-Istmenge im Zeitraum","ID_KTRARTIISTMENGE","double","16","0","3","ktrartiistmenge",""
"3113","Kontraktartikel-Korrekturmenge Zeitraum","ID_KTRARTIKORRMENGE","double","16","0","3","ktrartikorrmenge",""
"3114","Kontraktartikel-Sollwert im Zeitraum","ID_KTRARTISOLLWERT","double","16","2","3","ktrartisollwert",""
"3115","Kontraktartikel-Istwert im Zeitraum","ID_KTRARTIISTWERT","double","16","2","3","ktrartiistwert",""
"3116","Kontraktartikel Korrekturwert Zeitraum","ID_KTRARTIKORRWERT","double","16","2","3","ktrartikorrwert",""
"3117","Kontrakt-Sollwert in Waehrung","ID_KTRARTISOLLWAEH","double","20","2","3","ArtiSollWaeh",""
"3118","Kontrakt-Istwert in Waehrung","ID_KTRARTIISTWAEH","double","20","2","3","ArtiIstWaeh",""
"3119","Kontrakt-Korrekturwert in Waehrung","ID_KTRARTIKORRWAEH","double","20","2","3","ArtiKorrWaeh",""
"3120","Anfangsdatum Preis-Zeitraum","ID_KTRPRZRABDATUM","DateTime","10","0","0","ktrprzrabdatum",""
"3121","Kontraktpreis","ID_KTRPREIS","double","16","2","3","ktrpreis",""
"3122","Kontrakt-Preiseinheit","ID_KTRPREISEINH","double","16","0","3","ktrpreiseinh",""
"3123","Enddatum Preiszeitraum","ID_KTRPRZRBISDATUM","DateTime","10","0","0","ktrprzrbisdatum",""
"3124","Bezugs-Mengeneinheit Kontraktpreis","ID_KTRPREISME_KURZTEXT","string","6","0","0","ktrpreisme_kurztext",""
"3125","Fremdartikel-Kennzeichen","ID_KTRFREMDARTIKEL","short","4","0","3","ktrfremdartikel",""
"3130","Restmenge für den Zeitraum","ID_KTRRESTMENGE","double","16","0","3","ktrartirestmenge",""
"3131","Restwert für den Zeitraum","ID_KTRRESTWERT","double","16","2","3","ktrartirestwert",""
"3132","Restmenge kumuliert bis Zeitraumende","ID_KTRRESTMENGEKUM","double","16","0","3","ktrartirestmengekum",""
"3133","Restwert kumuliert bis Zeitraumende","ID_KTRRESTWERTKUM","double","16","2","3","ktrartirestwertkum",""
"3134","Enddatum Abnahmezeitraum","ID_KTRMEZRBISDATUM","DateTime","10","0","0","ktrmezrbisdatum",""
"3135","Restmenge incl. Vorauszeiträume","ID_KTRRESTMENGEPLUS1","double","20","3","3","ktrrestmengeplus1","nicht als Druckposition!"
"3136","Restwert incl. Vorauszeiträume","ID_KTRRESTWERTPLUS1","double","20","2","3","ktrrestwertplus1","nicht als Druckposition!"
"3137","Restmenge des Kontrakts total","ID_KTRRESTMENGETOTAL","double","20","3","3","ktrrestmengetotal","nicht als Druckposition!"
"3138","Restwert des Kontrakts total","ID_KTRRESTWERTTOTAL","double","20","2","3","ktrrestwerttotal","nicht als Druckposition!"
"3139","Warenmenge in Kontrakt-Mengeneinheit","ID_KTRWARENMENGE","double","20","2","3","ktrwarenmenge","Nicht in Einrichtung benutzen!"
"3140","Mengeneinheit der Ware","ID_KTRWARENME_NUMMER","int","8","0","3","ktrwarenme_nummer","Nicht für Formulareinrichtungen!"
"3141","Kennzeichen für Mengenüberschreitung","ID_KTRUEBERSCHREIT","short","2","0","3","ktrueberschreit","Nicht für Formulareinrichtung!"
"3142","Kontraktdatum","ID_KTRDATUM","DateTime","10","0","0","ktrdatum",""
"3143","Kontrakt-Gesamtmenge (akt. Zeitraum)","ID_KTRGESAMTMENGE","double","20","2","3","ktrgesamtmenge",""
"3144","Kontrakt-Gesamtwert (akt. Zeitraum)","ID_KTRGESAMTWERT","double","20","2","3","ktrgesamtwert",""
"3145","Letztes Kontrakt-Bewegungsdatum","ID_KTRLETZTDATUM","DateTime","10","0","0","ktrletztdatum",""
"3146","schon disponierter Anteil","ID_KTR_SCHON_DISPONIERT","double","20","3","0","bisherdisponiert","Nicht zum Drucken gedacht"
"3147","effektiver Kontrakt Verbrauch","ID_KTR_EFF_VERBRAUCH","","20","3","0","Eff Kontrakt Verbauc","nicht zum Drucken geignet"
"3148","Text Lagerabholung","ID_TEXT_LAGERABHOLUNG","","80","0","0","Text Lagerabholung",""
"3149","ID_LAGERABHOLUNG","ID_LAGERABHOLUNG","","0","0","0","ID_LAGERABHOLUNG",""
"3150","Kontrakt neu erzeugt worden","ID_KTRNEUERZEUGT","short","1","0","3","ktrneuerzeugt",""
"3180","Kontrakt-Abbuchungsmenge","ID_KTRBEWMENGE","double","20","3","3","ktrbewmenge","nicht als Druckposition!"
"3181","Kontrakt-Abbuchungswert","ID_KTRBEWWERT","double","20","2","3","ktrbewwert","nicht als Druckposition!"
"3190","Rückgabe der erlaubten Menge v. Kontrakt","ID_KTRZURUECKMENGE","double","20","2","3","ktrzurueckmenge","Nicht für Formulareinrichtung!"
"3191","Rückgabe des erlaubten Werts v. Kontrakt","ID_KTRZURUECKWERT","double","20","2","3","ktrzurueckwert","Nicht für Formulareinrichtung!"
"3192","Kontrakt-Unterklasse","ID_KTRUNTERKLASSE","int","4","0","3","ktrunterklasse",""
"3193","Kontrakt-Reportsatz","ID_KTRREPORTSATZ","double","10","2","3","ktrreportsatz",""
"3194","Kontrakt_Reportbezeichnung","ID_KTRREPORTBEZEICH","string","40","0","0","ktrreportbezeich",""
"3195","Kontrakt-Report je Anzahl Tage","ID_KTRREPORTJETAGE","int","4","0","3","ktrreportjetage",""
"3196","Kontrakt-Report-Anfangsdatum","ID_KTRREPORTABDATUM","DateTime","10","0","0","ktrreportabdatum",""
"3197","Kontraktdruck Kontraktdruck","ID_VARIANTE_KONTRAKTDRUCK","int","1","0","3","KtrVariNummerKtr",""
"3198","Kontraktdruck Erledigungsschreiben","ID_VARIANTE_ERLEDIGUNGSSCHREIBEN","int","0","0","3","KtrVariNummerErl",""
"3199","Kontraktdruck Kontraktstorno","ID_VARIANTE_KONTRAKTSTORNO","int","0","0","3","KtrVariNummerSto",""
"3200","Kontrakt Artikel ZuAbschlaggruppe Nr","ID_KONTRAKT_ARTIZAGRNUMMER","int","9","0","3","KONTRAKT ARTIZAGRNR",""
"3210","Ktr_Versandadresse oder Hauptadresse","ID_KTR_VERSANDADRESSID","void","132","0","5","VersandadresseKontr","nur Kontraktdruck"
"3211","Ktr_Versandadresse ohne Hauptadresse","ID_KTR_NURVERSANDADRESSID","void","132","0","5","VersanadresseKontr","nur Kontraktdruck"
"3301","Belegdatum des Vorfakturierungsbelegs","ID_VFI_VDATUM","DateTime","10","0","0","Info Vorfakturierung",""
"3302","Belegnr. des Vorfakt.belegs (aufbereit.)","ID_VFI_VNUMMER","string","20","0","0","Info Vorfakturierung",""
"3303","Belegnr. d. Vorfakt.belegs (numerisch)","ID_VFI_VNUMNUMMER","int","10","0","0","Info Vorfakturierung",""
"3304","Referenznummer Vorfaktur.beleg","ID_VFI_VREFNUMMER","string","20","0","0","Info Vorfakturierung",""
"3305","Druckdatum Vorfakt.beleg","ID_VFI_DRUCKDATUM","DateTime","10","0","0","Info Vorfakturierung",""
"3306","Positionsmenge Vorfaktur.Beleg","ID_VFI_MENGE","double","15","2","0","Info Vorfakturierung",""
"3307","Mengeinhnr. Vorfakturierung","ID_VFI_ME_NUMMER","int","10","0","3","Info Vorfakturierung",""
"3308","MengeinhText Vorfakturierung","ID_VFI_ME_TEXT","string","20","0","0","Info Vorfakturierung",""
"3309","MengeinhBezeichn. Vorfakturierung","ID_VFI_ME_BEZEICHNUNG","string","60","0","0","Info Vorfakturierung",""
"3310","Preis der Vorfakturierung","ID_VFI_PREIS","double","15","2","3","Info Vorfakturierung",""
"3311","Nettobetr. der Vorfakturierung","ID_VFI_NETTO","double","15","2","3","Info Vorfakturierung",""
"3312","Steuerbetr. der Vorfakturierung","ID_VFI_STEUER","double","15","2","3","Info Vorfakturierung",""
"3313","Bruttobetr. der Vorfakturierung","ID_VFI_BRUTTO","double","15","2","3","Info Vorfakturierung",""
"3314","Preiseinh. der Vorfakturierung","ID_VFI_PREISEINH","double","8","0","3","Info Vorfakturierung",""
"3315","Preismengeinhnr. der Vorfakturierung","ID_VFI_PRME_NUMMER","int","10","0","3","Info Vorfakturierung",""
"3316","PreismengeinhText Vorfakturierung","ID_VFI_PRME_TEXT","string","20","0","0","Info Vorfakturierung",""
"3317","PreismengeinhBezeichn. Vorfaktur.","ID_VFI_PRME_BEZEICHNUNG","string","60","0","0","Info Vorfakturierung",""
"3318","Währungsnummer Vorfakturierung","ID_VFI_WAEHRNUMMER","int","4","0","3","Info Vorfakturierung",""
"3319","Währungstext Vorfakturierung","ID_VFI_WAEHRTEXT","string","10","0","0","Info Vorfakturierung",""
"3320","Währungskurs Vorfakturierung","ID_VFI_WAEHRKURS","double","15","4","3","Info Vorfakturierung",""
"3321","Steuerschl. der Vorfakturierung","ID_VFI_STEUERSCHLUESSEL","int","10","0","3","Info Vorfakturierung",""
"3322","Steuerschl.Bezeichn. Vorfakturierung","ID_VFI_STEUERBEZEICH","string","60","0","0","Info Vorfakturierung",""
"3323","Steuersatz der Vorfakturierung","ID_VFI_STEUERSATZ","double","10","2","3","Info Vorfakturierung",""
"3324","ArtikelId der Vorfakturierung","ID_VFI_ARTIKELID","int","20","0","0","Info Vorfakturierung",""
"3325","Lagernummer der Vorfakturierung","ID_VFI_LAGERNUMMER","int","20","0","0","Info Vorfakturierung",""
"3326","Artikelnummer Vorfakturierung","ID_VFI_ARTINUMMER","string","20","0","0","Info Vorfakturierung",""
"3327","Artikelstammnummer d. Vorfakturierung","ID_VFI_ARTISTAMMNUMMER","string","40","0","0","Info Vorfakturierung",""
"3328","Artikelbezeichnung d. Vorfakturierung","ID_VFI_ARTIBEZEICH","string","40","0","0","Info Vorfakturierung",""
"3329","Artikelstammbezeichn. Vorfakturierung","ID_VFI_ARTISTAMMBEZ","string","40","0","0","Info Vorfakturierung",""
"3330","Lagerbezeichnung der Vorfakturierung","ID_VFI_LAGERBEZEICH","string","40","0","0","Info Vorfakturierung",""
"3331","Lagerplatznummer der Vorfakturierung","ID_VFI_LAGERPLATZNR","int","6","0","3","Info Vorfakturierung",""
"3332","Lagerplatzbezeichn. der Vorfakturierung","ID_VFI_LAGERPLATZBEZ","string","40","0","0","Info Vorfakturierung",""
"3333","Lagerortnummer der Vorfakturierung","ID_VFI_LAGERORTNR","int","10","0","0","Info Vorfakturierung",""
"3334","Lagerplatzortbezeichn. Vorfakturierung","ID_VFI_LAGERORTBEZ","string","255","0","0","Info Vorfakturierung",""
"3335","Partienummer Vorfakturierung","ID_VFI_PARTIENUMMER","int","8","0","3","Info Vorfakturierung",""
"3336","Partiebezeichnung Vorfakturierung","ID_VFI_PARTIEBEZEICH","string","40","0","0","Info Vorfakturierung",""
"3337","Kundid der Vorfakturierung","ID_VFI_KUNDID","int","10","0","3","Info Vorfakturierung",""
"3338","Kundennummer der Vorfakturierung","ID_VFI_KUNDNUMMER","int","8","0","3","Info Vorfakturierung",""
"3339","Kontraktnummer Vorfakturierung","ID_VFI_KTRNUMMER","int","8","0","3","Info Vorfakturierung",""
"4000","Perinummer Fibu","ID_PERINUMMERFIBU","int","4","0","3","PerinummerFibu",""
"4001","JahrnummerFibu","ID_JAHRNUMMERFIBU","int","4","0","3","JahrnummerFibu",""
"4002","Partiezwang","ID_PARTIEZWANG","short","8","0","0","Partie_Zwang","nur interne Verwendung! kein Druck!"
"4003","Kontrakt-fähig","ID_KONTRAKTFAEHIG","short","8","0","0","Kontrakt_faehig","nur interne Verwendung! kein Druck!"
"4100","Artikelstamm Bilddaten","ID_ARTISTAMM_IMAGE","int","0","0","0","ARTST_IMAGE",""
"4101","Artikel Bilddaten","ID_ARTIKEL_IMAGE","int","0","0","0","ART_IMAGE",""
"4200","Produktions-Kundennummer","ID_PROD_KUNDNUMMER","int","8","0","3","produktion","Informelle Kundennummer für Produktionsvorgang"
"4201","Produktions-KundId","ID_PROD_KUNDID","int","8","0","0","Produktion","Informelle Kundid für Produktionsvorgang"
"4202","Produktionskunden-Hauptadresse","ID_PROD_ADRESSID","void","132","1","5","Produktion","Länge des Adressblockes"
"4203","Produktionskunden-Versandadresse","ID_PROD_VERSADRID","void","132","1","5","Produktion","Länge des Adressblockes"
"4204","Produktions-Buchungstyp","ID_PROD_BUCHTYP","short","10","0","0","Produktion","Buchungstyp der Produktion"
"4205","Produktions-Referenznummer","ID_PROD_REFERENZ","int","10","0","3","Produktion","Nummer des Ursprungs-Belegs"
"4206","Typ Produktion/Vermahlung","ID_PROD_VERWEND","short","8","0","0","Produktion","Nur für interne Verwendung"
"4207","Buchungstyp für Komponenten: Norm<->Geg.","ID_PROD_KOMPBUCHTYP","short","1","0","0","produktion","Nur für Vermahlungs-/Zerlegungs-Komponente"
"4208","Komponenten-Fixpreiskennzeichen","ID_PROD_FIXPREIS","short","1","0","0","Produktion",""
"4209","Komponenten-Pauschalpreiskennzeichen","ID_PROD_PAUSCHPREIS","short","1","0","0","Produktion",""
"4210","Komponenten-Wertartikelkennzeichen","ID_PROD_WERTARTIKEL","short","1","0","0","Produktion",""
"4211","Manuell-Preis bei Verteilung ändern","ID_PROD_MANPREISCALC","short","1","0","0","Produktion",""
"4212","Teilproduktion abbuchen","ID_PROD_TEILABBUCH","int","0","0","0","Teilpro abbuchen","Teilproduktion abbuchen"
"4213","Teilproduktion rückbuchen","ID_PROD_TEILRUECK","int","0","0","0","Teilprodktion rück","Teilproduktion rückbuchen"
"4500","Lagerumbuchungstyp","ID_LGU_BUCHTYP","short","10","0","0","LAGERUMBUCHUNG","Buchungstyp der Lagerumbuchung"
"4501","Lagerumbuchungstyp","ID_LGU_BUCHTYP_KZ","short","10","0","0","LAGERUMBUCHUNG","Lagerumbuchungstyp Kurz"
"4502","Anzahl-Umbuchungen","ID_LGU_ANZAHL","int","10","0","0","Umbuchung","Anzahl der Umbuchungen auf dem Beleg"
"4999","SCHEMA KUNDNUMMERAENDERUNG","ID_SCHEMA_KUNDNUMMERAENDERUNG","","0","0","0","",""
"5000","Stücklistenvariante","ID_HSTL_VARIA","int","6","0","3","HSTLVAR","Stücklistenvariante"
"5001","Stuecklistengültigkeit Abdatum","ID_HSTL_ABDATUM","DateTime","10","0","0","HSTLAB","Stücklistengültigkeits AbDatum"
"5002","Stücklistenzeitraum BisDatum","ID_HSTL_BISDATUM","DateTime","10","0","0","HSTLBIS","Stücklistenzeitraum BisDatum"
"5003","Stücklisten Bewertungstyp","ID_HSTL_BEWTYP","short","6","0","0","HSTLBEW","Stücklisten Bewertungstyp"
"5004","Stücklisten Buchungstyp","ID_HSTL_BUCHTYP","short","6","0","3","HSTLBUCH","Stücklisten Buchungstyp"
"5005","Stücklisten Sperrkennzeiche","ID_HSTL_SPERR","short","2","0","0","HSTLSPERR","Stücklisten Sperrkennzeichen"
"5006","Stücklistentyp","ID_HSTL_TYP","short","2","0","3","HSTLTYP","Stücklistentyp"
"5007","Komponentenmenge im Einkauf","ID_HSTL_MENGE_EK","double","16","2","3","MENGEK","Komponentenmenge im Einkauf"
"5008","Komponentenmenge im Verkauf","ID_HSTL_MENGE_VK","double","16","2","3","MENGVK","Komponentenmenge im Verkauf"
"5009","Mengeneinheit im Einkauf","ID_HSTL_ME_NUMMER_EK","int","8","0","3","MEEK","Mengeneinheit im Einkauf"
"5010","Mengeneinheit im Verkauf","ID_HSTL_ME_NUMMER_VK","int","8","0","3","MEVK","Mengeneinheit im Verkauf"
"5011","Komponenten Typ","ID_HSTL_ATYP","short","40","0","3","ATYP","Komponenten Typ"
"5012","ME Bezeichnung EK","ID_HSTL_ME_BEZEICH_EK","string","40","0","0","MEEKBEZ","ME Bezeichnung EK"
"5013","ME Bezeichnung VK","ID_HSTL_ME_BEZEICH_VK","string","40","0","0","MEBEZVK","ME Bezeichnung VK"
"5014","Gebindekennzeichen EK","ID_HSK_GEBKENNZ_EK","short","4","0","3","GEBKENZEK","Gebindekennzeichen EK"
"5015","Gebindekennzeichen VK","ID_HSK_GEBKENNZ_VK","short","4","0","3","GEBKENZVK","Gebindekennzeichen VK"
"5016","EK oder VK Seite","ID_HSTL_EKVK","short","10","0","3","ekvk",""
"5017","Listenzähler","ID_HSTL_ZAEHL","int","8","0","3","zaehl","Zähler innerhalb der Liste"
"5018","Formeltext1","ID_HSTL_FORMTEXT_1","string","3","0","0","formel1","Formeltext1"
"5019","Formeltext2","ID_HSTL_FORMTEXT_2","string","3","0","0","formel2","Formeltext2"
"5020","Formeltext3","ID_HSTL_FORMTEXT_3","string","3","0","0","formel3","Formeltext3"
"5021","Formeltext4","ID_HSTL_FORMTEXT_4","string","3","0","0","formel4","Formeltext4"
"5022","Formeltext5","ID_HSTL_FORMTEXT_5","string","3","0","0","formel5","Formeltext5"
"5023","Typ des variablen Bereichs","ID_HSTL_GRUPPEN_TYP","int","40","0","3","GRPTYP","Typ des variablen Bereichs"
"5024","Bezeichnung der HSTL-Gruppe","ID_HSTL_GRUPPEN_BEZ","string","40","0","0","GRPBEZ","Bezeichnung der HSTL-Gruppe"
"5025","HSTL Gruppentyp","ID_HSTL_GTYP","int","40","0","3","GTYP","HSTL Gruppentyp"
"5026","Unterstücklistensperre","ID_HSTL_SUBSPERR","short","4","0","3","SUBSPERR","Unterstücklistensperre"
"5027","Bezugsgrößen Faktor EK","ID_HSTL_ME_FAKTOR_EK","double","20","0","3","MEFAKEK","Bezugsgrößen Faktor EK"
"5028","Bezugsgrößen Faktor VK","ID_HSTL_ME_FAKTOR_VK","double","20","0","3","MEFAKVK","Bezugsgrößen Faktor EK"
"5029","Zuabschlagstyp","ID_HSTL_ZUABTYP","short","20","0","3","ZUABTYP","Zuabschlagstyp"
"5030","Zuabschlagerzeugung","ID_HSTL_ZUABGEN","short","20","0","3","ZUABGEN","Zuabschlagserzeugung"
"5031","Zuabschlagstyp","ID_HSK_ZUABTYP","short","20","0","3","ZUABTYP","Zuabschlagstyp"
"5032","Rabatttyp","ID_HSTL_RABATTTYP","short","40","0","3","RABTYP","Rabatttyp"
"5033","Frachttyp","ID_HSTL_FRACHTTYP","short","40","0","3","FRATYP","Frachttyp"
"5034","Verpackungstyp","ID_HSTL_VERPACKTYP","short","40","0","3","VERPTYP","Verpackungstyp"
"5035","Rabatterzeugung","ID_HSTL_RABATTGEN","short","40","0","3","RABGEN","Rabatterzeugung"
"5036","Frachterzeugung","ID_HSTL_FRACHTGEN","short","40","0","3","FRAGEN","Frachterzeugung"
"5037","Verpackungserzeugung","ID_HSTL_VERPACKGEN","short","40","0","3","VERGEN","Verpackungserzeugung"
"5038","Rabatttyp","ID_HSK_RABATTTYP","short","40","0","3","RABTYP","Rabatttyp"
"5039","Frachttyp","ID_HSK_FRACHTTYP","short","40","0","3","FRATYP","Frachttyp"
"5040","Verpackungstyp","ID_HSK_VERPACKTYP","short","40","2","3","VERTYP","Verpackungstyp"
"5041","Druckoptionen/Komponenten","ID_HSTL_DRUCKOPTS","short","20","0","3","DROPTS","Druckoptionen/Komponenten"
"5042","Stücklisten ZAB-Anteil (Statistik)","ID_HSTL_ZUAB_STST","double","20","2","3","ZABSTAT","Stücklisten ZAB-Anteil (Statistik)"
"5043","Stücklisten Rabatt-Anteil (Statistik)","ID_HSTL_RABATT_STAT","double","20","2","3","STATRAB","Stücklisten Rabatt-Anteil (Statistik)"
"5044","Stücklisten Fracht-Anteil (Statistik)","ID_HSTL_FRACHT_STAT","int","20","0","3","STATFRA","Stücklisten Fracht-Anteil (Statistik)"
"5045","Stücklistenanteil (bezgl. SE)","ID_HSTL_GEBINDE_ANTEIL","double","20","0","3","HSTLGEB","Stücklistenanteil (bezgl. SE)"
"5046","Gebindebezug EK","ID_HSL_GEBINDE_ANZAHL_EK","short","4","0","3","HSLGebBzEK","Gebindebezug oder Mengenbezug beim Hauptartikel (EK)"
"5047","Gebindebezug VK","ID_HSL_GEBINDE_ANZAHL_VK","short","4","0","3","HSLGebBzVK","Gebindebezug oder Mengenbezug beim Hauptartikel (VK)"
"5050","Stücklistenbezeichnung","ID_HSTL_BEZEICH","string","40","0","0","HSLBEZ","Stücklistenbezeichnung"
"5100","GEBANBRUCH","ID_GEBANBRUCH","int","8","0","3","GEBINDE",""
"5101","GEBPREISOHNEUMR","ID_GEBPREISOHNEUMR","short","8","0","3","GEBINDE",""
"5102","ID_GEBANBRUCHANZAHL","ID_GEBANBRUCHANZAHL","int","8","0","3","GEBINDE",""
"5103","ID_GEBANZUNDMENGE","ID_GEBANZUNDMENGE","int","8","0","3","GEBINDE",""
"5104","ID_GEB8MALFAKT3","ID_GEB8MALFAKT3","int","8","0","3","GEBINDE",""
"5105","ID_GEBZWISCHENERGEBNIS","ID_GEBZWISCHENERGEBNIS","int","8","0","3","GEBINDE",""
"5106","ID_GEBRUNDUNGANZMENGE","ID_GEBRUNDUNGANZMENGE","int","8","0","3","GEBINDE",""
"6000","Partiestammdaten Bezeichnung","ID_PSD_BEZ","string","20","0","0","PSD Bez",""
"6100","Partiestamm Artikelposition Nr","ID_PSAP_NR","int","9","0","3","PSAP_NR",""
"6110","Partiestamm Artikelposition ArtikelNr","ID_PSAP_ARTIKELNR","string","10","0","0","PSAP_ARTIKELNR",""
"6120","Partiestamm Artikelposition ArtikelTyp","ID_PSAP_ARTIKELTYP","int","9","0","3","PSAP_ARTIKELTYP",""
"6130","Partiestamm Artikelposition ArtikelBez","ID_PSAP_ARTIKELBEZ","string","10","0","0","PSAP_Artikelbez",""
"6150","Partiestamm Artikelposition ArtikelId","ID_PSAP_ARTIKELID","int","10","0","3","PSAP_ARTIKELID",""
"6160","Partiestamm Artikelposition Mengeneinhei","ID_PSAP_MENGENEINHEITNR","int","9","0","3","PSAP_Mengeneinheitnr",""
"6170","Partiestamm Artikelposition PartieId","ID_PSAP_PARTIEID","int","10","0","3","PSAP PartieId",""
"6180","Partiestamm Artikelposition Mengeneinhei","ID_PSAP_MENGENEINHEITKURZTEXT","string","10","0","0","PSAP_Mengeneinheitku",""
"6200","Kassennummer","ID_KASSZBEL_KASSE","int","8","0","11","kasse","Kassennummer"
"6201","Filialnummer","ID_KASSZBEL_FILIALNUMMER","int","8","0","11","filialnummer",""
"6202","BelegId","ID_KASSZBEL_BELEGID","int","8","0","11","belegid",""
"6203","Belegdatum","ID_KASSZBEL_BELEGDATUM","DateTime","10","0","12","belegdatum",""
"6204","Belegnummer","ID_KASSZBEL_BELEGNR","int","8","0","11","belegnr",""
"6205","Belegart (als Text)","ID_KASSZBEL_BELEGART","string","40","0","10","belegarttext",""
"6206","Sitzungsnummer","ID_KASSZBEL_SITZUNG","int","8","0","11","sitzung",""
"6207","Kassierer (Kürzel)","ID_KASSZBEL_KASSIERER","string","128","0","10","kassierer",""
"6208","Kassierername","ID_KASSZBEL_KASSIERERNAME","string","128","0","10","kassierername",""
"6209","Filialbezeichnung","ID_KASSZBEL_FILIALBEZEICH","string","40","0","10","filialbezeich",""
"6210","Straße (Filialanschrift)","ID_KASSZBEL_FILIALSTRASSE","string","40","0","10","filialstrasse",""
"6211","Ort (Filialanschrift)","ID_KASSZBEL_FILIALORT","string","40","0","10","Filialort",""
"6212","PLZ (Filialanschrift)","ID_KASSZBEL_FILIALPLZ","string","40","0","10","filialplz",""
"6213","Belegtext","ID_KASSZBEL_BELEGTEXT","string","40","0","10","belegtext",""
"6214","Belegwährung","ID_KASSZBEL_BELEGWAEHRUNG","string","40","0","10","belegwaehrung",""
"6215","Belegbetrag","ID_KASSZBEL_BELEGBETRAG","double","20","2","11","belegbetrag",""
"6216","Gegenkasse","ID_KASSZBEL_GEGENKASSE","int","8","0","11","gegenkasse",""
"6217","Kunden-oder Kontobezeichnung","ID_KASSZBEL_BELEGNAME","string","40","0","10","belegname",""
"6218","Kontonummer","ID_KASSZBEL_KONTO","int","8","0","11","konto",""
"6219","Kundenwohnort","ID_KASSZBEL_ORT","string","128","0","10","ort",""
"6220","PLZ der Kundenanschrift","ID_KASSZBEL_PLZ","string","40","0","10","plz",""
"6221","Mandantenbezeichnung","ID_KASSZBEL_MANDANTBEZEICH","string","40","0","10","mandantbezeich",""
"6222","Straße (Mandantenanschrift)","ID_KASSZBEL_MANDANTSTRASSE","string","128","0","10","mandantstrasse",""
"6223","PLZ (Mandantenanschrift)","ID_KASSZBEL_MANDANTPLZ","string","40","0","10","mandantplz",""
"6224","Ort (Mandantenanschrift)","ID_KASSZBEL_MANDANTORT","string","128","0","10","mandantort",""
"6225","Hinweistext ¨Storno¨","ID_KASSZBEL_STORNO","string","20","0","10","stornotext",""
"6226","Hinweistext ¨Kopie¨","ID_KASSZBEL_KOPIE","string","40","0","10","kopie",""
"6250","EC Betrag (Lastschrift)","ID_KASSZBEL_ECBETRAG","double","20","2","11","ecbetrag",""
"6251","EC Währung (Lastschrift)","ID_KASSZBEL_ECWAEHRUNG","string","20","0","10","ecwaehrung",""
"6252","EC Datum (Lastschrift)","ID_KASSZBEL_ECDATUM","DateTime","10","0","12","ecdatum",""
"6253","EC Uhrzeit (Lastschrift)","ID_KASSZBEL_ECZEIT","string","10","0","10","eczeit",""
"6254","EC Kartennummer (Lastschrift)","ID_KASSZBEL_ECKARTNR","string","40","0","10","eckartnr",""
"6255","EC Kontonummer (Lastschrift)","ID_KASSZBEL_ECKONTONR","string","20","0","10","eckontonr",""
"6256","EC BLZ (Lastschrift)","ID_KASSZBEL_ECBLZ","string","20","0","10","ecblz",""
"6257","EC gültig bs (Lastschrift)","ID_KASSZBEL_ECGUELTIGBIS","string","20","0","10","ecgueltigbis",""
"6258","EC Belegnummer (Lastschrift)","ID_KASSZBEL_ECBELEGNR","int","20","0","11","ecbelegnr",""
"6259","EC Zami Ident (Lastschrift)","ID_KASSZBEL_ECZAMIID","int","8","0","11","eczamiid",""
"6260","EC Kassennummer (Lastschrift)","ID_KASSZBEL_ECKASSE","int","8","0","11","eckasse",""
"6261","EC Kundenname (Lastschrift) lt. Eingabe","ID_KASSZBEL_ECKUNDENNAME","string","40","0","10","eckundenname",""
"6262","EC Bemerkung (Lastschrift) lt. Eingabe","ID_KASSZBEL_ECBEMERKUNG","string","40","0","10","ecbemerkung",""
"6263","EC IBAN (Lastschrift)","ID_KASSZBEL_ECIBAN","string","34","0","10","eciban",""
"6264","EC BIC (Lastschrift)","ID_KASSZBEL_ECBIC","string","11","0","10","ecbic",""
"6300","Steuersatz (Entnahme)","ID_KASSZBEL_ENTNSTEUERSATZ","double","20","2","11","entnsteuersatz",""
"6301","Text ¨Steuersatz¨ (Entnahme)","ID_KASSZBEL_ENTNSTEUERTEXT","string","40","0","10","entnsteuertext",""
"6302","Steuersumme (Entnahme)","ID_KASSZBEL_ENTNSTEUERSUMME","double","20","2","11","entnsteuersumme",""
"6303","Text ¨Steuersumme¨ (Entnahme)","ID_KASSZBEL_ENTNSTEUERSUMMETEXT","string","40","0","10","entnsteuersummetext",""
"6304","Nettosumme (Entnahme)","ID_KASSZBEL_ENTNNETTOSUMME","double","20","2","11","entnnettosumme",""
"6305","Text ¨Nettosumme¨ (Entnahme)","ID_KASSZBEL_ENTNNETTOSUMMETEXT","string","40","0","10","entnnettosummetext",""
"6310","Bankbezeichnung (Einreichung)","ID_KASSZBEL_EINRBANKBEZEICH","string","40","0","10","einrbankbezeich",""
"6311","Bankleitzahl (Einreichung)","ID_KASSZBEL_EINRBANKBLZ","string","20","0","10","einrbankblz",""
"6312","Bemerkungstext (Einreichung)","ID_KASSZBEL_EINRBANKBEM","string","40","0","10","einrbankbem",""
"6313","Bankkonto (Einreichung)","ID_KASSZBEL_EINRBANKKONTO","string","20","0","10","einrbankkonto",""
"6314","IBAN (Einreichung)","ID_KASSZBEL_EINRBANKIBAN","string","34","0","10","einrbankiban",""
"6315","BIC (Einreichung)","ID_KASSZBEL_EINRBANKBIC","string","11","0","10","einrbankbic",""
"6320","ZaMi Nummer (Sortenwechsel)","ID_KASSZBEL_SORWZAMINR","string","20","0","10","sorwzaminr",""
"6321","BLZ (Sortenwechsel)","ID_KASSZBEL_SORWBLZ","string","20","0","10","sorwblz",""
"6322","Bankname (Sortenwechsel)","ID_KASSZBEL_SORWBANK","string","20","0","10","sorwbank",""
"6323","Kontonummer (Sortenwechsel)","ID_KASSZBEL_SORWKONTO","string","20","0","10","sorwkonto",""
"6324","Bemerkung (Sortenwechsel)","ID_KASSZBEL_SORWBEM","string","40","0","10","sorwbem",""
"6325","Kundenname (Sortenwechsel)","ID_KASSZBEL_SORWKUNDE","string","40","0","10","sorwkunde",""
"6327","Währung gegeben (Sortenwechsel)","ID_KASSZBEL_SORWWAEHRUNGGEGEBEN","string","20","0","10","sorwwaehrunggegeben",""
"6328","Betrag gegeben (Sortenwechsel)","ID_KASSZBEL_SORWBETRAGGEGEBEN","double","20","2","11","sorwbetraggegeben",""
"6329","Zahlart gegeben (Sortenwechsel)","ID_KASSZBEL_SORWZAHLARTGEGEBEN","string","40","0","10","sorwzahlartgegeben",""
"6330","Währung zurück (Sortenwechsel)","ID_KASSZBEL_SORWWAEHRUNGZURUECK","string","20","0","10","sorwwaehrungzurueck",""
"6331","Betrag zurück (Sortenwechsel)","ID_KASSZBEL_SORWBETRAGZURUECK","double","20","2","11","sorwbetragzurueck",""
"6332","Zahlart zurück (Sortenwechsel)","ID_KASSZBEL_SORWZAHLARTZURUECK","string","40","0","10","sorwzahlartzurueck",""
"6333","IBAN (Sortenwechsel)","ID_KASSZBEL_SORWIBAN","string","34","0","10","sorwiban",""
"6334","BIC (Sortenwechel)","ID_KASSZBEL_SORWBIC","string","11","0","10","sorwbic",""
"6340","Buchungstext (Zahlungsmeldung)","ID_KASSZBEL_ZAMETEXT","string","40","0","10","zametext",""
"6341","Währung (Zahlungsmeldung)","ID_KASSZBEL_ZAMEWAEHRUNG","string","20","0","10","zamewaehrung",""
"6342","Einzahlungsbetrag (Zahlungsmeldung)","ID_KASSZBEL_ZAMEBETRAG","double","20","2","11","zamebetrag",""
"6350","Zahlart neu (Zami-Umwandlung)","ID_KASSZBEL_ZAMIUMZAHLARTNEU","string","40","0","10","zamiumzahlartneu",""
"6351","Zami-Nummer neu (Zami-Umwandlung)","ID_KASSZBEL_ZAMIUMZAMINRNEU","string","40","0","10","zamiumzaminrneu",""
"6352","BLZ neu (Zami-Umwandlung)","ID_KASSZBEL_ZAMIUMBLZNEU","string","20","0","10","zamiumblzneu",""
"6353","Kontonummer neu (Zami-Umwandlung)","ID_KASSZBEL_ZAMIUMKONTONUMMERNEU","string","20","0","10","zamiumkontonummerneu",""
"6354","Zahlbetrag (Zami-Umwandlung)","ID_KASSZEBL_ZAMIUMZAHLBETRAG","double","20","2","11","zamiumzahlbetrag",""
"6355","Währung (Zami-Umwandlung)","ID_KASSZBEL_ZAMIUMZAHLWAEHRUNG","string","20","0","10","zamiumzahlwaehrung",""
"6356","Zahlart (Zami-Umwandlung)","ID_KASSZBEL_ZAMIUMZAHLART","string","40","0","10","zamiumzahlart",""
"6357","Zami-Nummer (Zami-Umwandlung)","ID_KASSZBEL_ZAMIUMZAMINR","string","40","0","10","zamiumzaminr",""
"6358","BLZ (Zami-Umwandlung)","ID_KASSZBEL_ZAMIUMBLZ","string","20","0","10","zamiumblz",""
"6359","Kontonummer (Zami-Umwandlung)","ID_KASSZBEL_ZAMIUMKONTONUMMER","string","20","0","10","zamiumkontonummer",""
"6360","IBAN (Zami-Umwandlung)","ID_KASSZBELZAMIUMIBAN","string","34","0","10","zamiumiban",""
"6361","BIC (Zami-Umwandlung)","ID_KASSZBEL_ZAMIUMBIC","string","11","0","10","zamiumbic",""
"6362","IBAN neu (Zami-Umwandlung)","ID_KASSZBEL_ZAMIUMIBANNEU","string","34","0","10","zamiumibanneu",""
"6363","BIC neu (Zami-Umbuchung)","ID_KASSZBEL_ZAMIUMBICNEU","string","11","0","10","zamiumbicneu",""
"6370","Kunde (Scheckdruck)","ID_KASSZBEL_SCHECKKUNDE","string","40","0","10","scheckkunde",""
"6380","Zahlungsart","ID_KASSZBEL_ZAHLUNGSART","string","40","0","10","zahlungsart",""
"6381","Währung","ID_KASSZBEL_ZAHLWAEHRUNG","string","20","0","10","zahlwaehrung",""
"6382","Zahlungsbetrag","ID_KASSZBEL_ZAHLUNGSBETRAG","double","20","2","11","zahlungsbetrag",""
"6383","Zami Ident","ID_KASSZBEL_ZAMIID","int","8","0","11","zamiid",""
"6384","BLZ (Zami)","ID_KASSZBEL_ZAMIBLZ","string","20","0","10","zamiblz",""
"6385","Kontonummer (Zami)","ID_KASSZBEL_ZAMIKONTO","string","20","0","10","zamikonto",""
"6386","Zami-Nummer","ID_KASSZBEL_ZAMINUMMER","string","40","0","10","zaminummer",""
"6387","Belegnummer (Zami)","ID_KASSZBEL_ZAMIBELEGNR","int","20","0","11","zamibelegnr",""
"6388","Kassennummer (Zami)","ID_KASSZBEL_ZAMIKASSE","int","8","0","11","zamikasse",""
"6389","Sitzung (Zami)","ID_KASSZBEL_ZAMISITZUNG","int","8","0","11","zamisitzung",""
"6390","IBAN (Zami)","ID_KASSZBEL_ZAMIIBAN","string","34","0","10","zamiiban",""
"6391","BIC (Zami)","ID_KASSZBEL_ZAMIBIC","string","11","0","10","zamibic",""
"6400","Einheit","ID_KASSZBEL_STURZEINHEIT","string","20","0","10","sturzeinheit",""
"6401","Anzahl","ID_KASZBEL_STURZANZAHL","int","8","0","11","sturzanzahl",""
"6402","Betrag aus Einheit * Anzahl","ID_KASSZBEL_STURZBETRAG","double","20","2","11","sturzbetrag",""
"6410","Unterberichttitel","ID_KASSZBEL_STURZUNTERBERICHTTITEL","string","40","0","10","unterberichttitel",""
"6420","Summe","ID_KASSZBEL_STURZSUMME","double","20","2","11","sturzsumme",""
"6430","Summe Storno Eingang","ID_KASSZBEL_STURZBETRAGEIN","double","20","2","11","sturzbetragein",""
"6431","Summe Storno Ausgang","ID_KASSZBEL_STURZBETRAGAUS","double","20","2","11","sturzbetragaus",""
"6432","Text Eingang/Ausgang","ID_KASSSZBEL_STURZSTORNOEINAUS","string","20","0","10","sturzstornoeinaus",""
"6440","Text Manko/Pari/Überschuss","ID_KASSZBEL_STURZMANKO","string","20","0","10","manko",""
"6441","Zähldifferenz","ID_KASSZBEL_STURZZAEHLDIFF","double","20","2","11","sturzzaehldiff",""
"6450","Kasenbeleg Barcode","ID_KASSBEL_BARCODE","string","0","0","10","Kassenbarcode","Barcode für eine Kassenbeleg"
"6451","TSE Transaktionsnummer","ID_KASSBEL_TSE_TRANSAKTIONSNUMMER","string","0","0","10","TSE Transaktionsnumm","Transaktionsnummer Kassenbeleg"
"6452","TSE Startzeit","ID_KASSBEL_TSE_STARTZEIT","string","0","0","15","TSE_START","TSE Startzeit"
"6453","TSE Endzeit","ID_KASSBEL_TSE_ENDZEIT","string","0","0","15","TSE_ENDZEIT","TSE Endzeit"
"6454","TSE Seriennummer","ID_KASSBEL_TSE_SERIENNUMMER","string","0","0","10","TSE Seriennummer","TSE Seriennummer"
"6455","TSE Signaturzähler","ID_KASSBEL_TSE_SIGNATURZAEHLER","string","0","0","10","TSE Signaturzähler","TSE Signaturzähler"
"6456","TSE Prüfwert","ID_KASSBEL_TSE_PRUEFWERT","string","0","0","10","TSE Prüfwert","TSE Prüfwert"
"6501","","ID_UMBUCHINTERN_PARTIEBEZEICH","","0","0","4","",""
"6502","","ID_UMBUCHINTERN_PARTIEMATCH","","0","0","4","",""
"6503","","ID_UMBUCHINTERN_PARTIEABDATUM","","0","0","4","",""
"6504","","ID_UMBUCHINTERN_PARTIEBISDATUM","","0","0","4","",""
"6505","","ID_UMBUCHINTERN_PARTIEUNFERTIG","","0","0","4","",""
"6506","","ID_UMBUCHINTERN_PARTIEFREMDARTIKEL","","0","0","4","",""
"6507","","ID_UMBUCHINTERN_PARTIEPOSIT","","0","0","4","",""
"6508","","ID_UMBUCHINTERN_PARTIEM_ABDATUM","","0","0","4","",""
"6509","","ID_UMBUCHINTERN_PARSOLLMENGE_EK","","0","0","4","",""
"6510","","ID_UMBUCHINTERN_PARRESTMENGE_EK","","0","0","4","",""
"6511","","ID_UMBUCHINTERN_PARRESTMENGEGES_EK","","0","0","4","",""
"6512","","ID_UMBUCHINTERN_PARSOLLMENGE_VK","","0","0","4","",""
"6513","","ID_UMBUCHINTERN_PARRESTMENGE_VK","","0","0","4","",""
"6514","","ID_UMBUCHINTERN_PARRESTMENGEGES_VK","","0","0","4","",""
"6515","","ID_UMBUCHINTERN_PARSOLLWERT_EK","","0","0","4","",""
"6516","","ID_UMBUCHINTERN_PARRESTWERT_EK","","0","0","4","",""
"6517","","ID_UMBUCHINTERN_PARRESTWERTGES_EK","","0","0","4","",""
"6518","","ID_UMBUCHINTERN_PARSOLLWERT_VK","","0","0","4","",""
"6519","","ID_UMBUCHINTERN_PARRESTWERT_VK","","0","0","4","",""
"6520","","ID_UMBUCHINTERN_PARRESTWERTGES_VK","","0","0","4","",""
"6521","","ID_UMBUCHINTERN_PARTIEME_NUMMER","","0","0","4","",""
"6522","","ID_UMBUCHINTERN_PARTIEME_KURZTEXT","","0","0","4","",""
"6523","","ID_UMBUCHINTERN_PARTIEMENGENNACHKOMMA","","0","0","4","",""
"6524","","ID_UMBUCHINTERN_PARTIEWARENME_NUMMER","","0","0","4","",""
"6525","","ID_UMBUCHINTERN_PARTIEWARENMENGE","","0","0","4","",""
"6526","","ID_UMBUCHINTERN_PARTIENUMMER","","0","0","4","",""
"6528","","ID_UMBUCHINTERN_AUSPR_AKT","","0","0","4","",""
"6529","","ID_UMBUCHINTERN_GEBINDE_AKT","","0","0","4","",""
"6530","","ID_UMBUCHINTERN_LAGERNUMMER","","0","0","4","",""
"6531","","ID_UMBUCHINTERN_LAGERPLATZ","","0","0","4","",""
"6532","","ID_UMBUCHINTERN_OWAAGE_ID","","0","0","4","",""
"6533","","ID_UMBUCHINTERN_MENGE_HERKUNFT","","0","0","4","",""
"6534","","ID_UMBUCHINTERN_PARTIE_ANZ","","0","0","4","",""
"6535","","ID_UMBUCHINTERN_FREMDLAGERZWANG","","0","0","4","",""
"6536","","ID_UMBUCHINTERN_LGU_BUCHTYP","","0","0","4","",""
"6537","","ID_UMBUCHINTERN_LGU_BUCHTYP_KZ","","0","0","4","",""
"6538","","ID_UMBUCHINTERN_ARTIKELID","","0","0","4","",""
"6539","","ID_UMBUCHINTERN_ARTIKELNUMMER","","0","0","4","",""
"6540","Menge oder Gebinde im Umbuch Helper","ID_UMBUCHINTERN_MENGE_ODER_GEBINDE","","0","0","4","",""
"6599","SVVERT_PARAMETER","ID_SVVERT_PARAMETER","string","40","0","4","SVVERT","Verwendung intern zur SVVERT-Parameter-Übergabe"
"6601","Stoffstrom-Art","ID_STOFFSTROM_ART","short","5","0","3","Stoffstrom","Nummer der Stoffstromart aus Bestandteilliste (PARAM= GET: Zeile, Put: Stoffstromart)"
"6602","Bezeichnung der Stoffstromart","ID_STOFFSTROM_TEXT","string","40","0","0","Stoffstromtext","Bezeichnung der Stoffstrom-Art aus Format  (PARAM= GET: Zeile, Put: Stoffstromart)"
"6603","Stoffstromanteil","ID_STOFFSTROM_ANTEIL","double","15","2","3","Stoffstrom-Anteil","Stoffstromanteil in % oder ME/Grund-ME (PARAM= GET: Zeile, Put: Stoffstromart)"
"6604","Stoffstrom-Menge der Position","ID_STOFFSTROM_MENGE","double","15","2","3","Stoffstrom-Menge","Menge der Position (PARAM= GET: Zeile, Put: Stoffstromart)"
"6605","Mengeneinheit zum Anteil","ID_STOFFSTROM_MEANTEIL","int","5","0","3","StoffstromME-Anteil","Mengeneinheit zum Anteil: 0=%, sonst ME/GrundME (PARAM= GET: Zeile, Put: Stoffstromart)"
"6606","Mengeneinheitstext z. StoffstromanteilME","ID_STOFFSTROM_METEXT_ANTEIL","string","12","0","0","Stoffstromant.METext","Mengeneinheitstext z. Stoffstromanteil-ME (PARAM= GET: Zeile, Put: Stoffstromart)"
"6607","Mengeneinheit der Stoffstrom-Menge","ID_STOFFSTROM_MEMENGE","int","5","0","3","StoffstromME_Menge","Mengeneinheit der Stoffstrom-Menge (PARAM= GET: Zeile, Put: Stoffstromart)"
"6608","Mengeneinheitstext zur Stoffstrom-Menge","ID_STOFFSTROM_METEXT_MENGE","string","6","0","0","Stoffstrom ME-Text","Mengeneinheitstext zur Stoffstrom-Menge (PARAM= GET: Zeile, Put: Stoffstromart)"
"6609","Herkunft der Stoffstrom-Positionswerte","ID_STOFFSTROM_HERKUNFT","int","3","0","3","Stoffstrom-Herkunft","Herkunft der Stoffstrom-Positionswerte (PARAM= GET: Zeile, Put: Stoffstromart)"
"7001","Intra_V_Meldung","ID_INTRA_V_MELDUNG","int","8","0","3","Intra","Intrastat Warenbewegung Meldung"
"7002","Intra_VersendungEinfuhr","ID_INTRA_I_VERSENDUNGEINFUHR","int","8","0","3","Intra",""
"7003","Intra_Versendungsland","ID_INTRA_I_VERSENDUNGSLAND","string","2","0","1","Intra",""
"7004","Intra_Region","ID_INTRA_I_REGION","string","2","0","1","Intra",""
"7005","Intra_ArtdesGeschaefts","ID_INTRA_I_ARTDESGESCHAEFTS","int","8","0","3","Intra",""
"7006","Intra_Verkehrszweig","ID_INTRA_I_VERKEHRSZWEIG","int","8","0","3","Intra",""
"7007","Intra_Ursprungsland","ID_INTRA_I_URSPRUNGSLAND","string","2","0","1","Intra",""
"7008","Intra_MengeBesMasseinheit","ID_INTRA_I_MENGEBESMASSEINHEIT","int","8","0","3","Intra",""
"7009","Intra_Rechnungswert","ID_INTRA_I_RECHNUNGSWERT","double","15","0","3","Intra",""
"7010","Intra_StatistischerWert","ID_INTRA_I_STATISTISCHERWERT","double","15","0","3","Intra",""
"7011","INTRA_I_USTID_KUNDE","ID_INTRA_I_USTID_KUNDE","string","0","0","1","Intra",""
"7012","INTRA_I_USTID_MANDANT","ID_INTRA_I_USTID_MANDANT","string","0","0","1","Intra",""
"7013","INTRA_I_DREIECKSGESCHAEFT","ID_INTRA_I_DREIECKSGESCHAEFT","int","8","0","3","Intra",""
"7014","ID_ME_FIBUMEFAKTOR","ID_ME_FIBUMEFAKTOR","","0","0","0","",""
"7015","Warenbewegung Addon Zugang","ID_WARENBEWEGUNG_ADDON_ZUGANG","string","255","0","0","WabewAddon Zugang",""
"7016","Warenbewegung Addon Abgang","ID_WARENBEWEGUNG_ADDON_ABGANG","string","255","0","0","WabewAddon Abgang",""
"7017","Anzahl der Gebinde im Abgang","ID_GEBINDEZEILEN_ANZAHL_ABGANG","","0","0","0","AnzGebindeAbgang",""
"7018","Anzahl der Gebinde im Zugang","ID_GEBINDEZEILEN_ANZAHL_ZUGANG","","0","0","0","AnzGebindeZugang",""
"7019","Menge mit Nachbehandlung","ID_MENGE_MIT_NACHBEHANDLUNG","","0","0","0","",""
"7020","Universale Druckposition","ID_UNIVERSAL","","50","0","0","ID_UNIVERSAL",""
"7021","Markierident Zugang Lagerumbuchung","ID_MARKIERIDENT_ZUG","int","10","0","0","MarkieridentZugang",""
"7022","Markierident Abgang Lagerumbuchung","ID_MARKIERIDENT_ABG","int","10","0","0","MarkieridentAbgang",""
"7023","ID_BEMERK_FREMDSCHL","ID_BEMERK_FREMDSCHL","int","9","0","3","ID_BEMERK_FREMDSCHL","Bemerk.cpp"
"7024","Gebinde ME 1","ID_GEBINDE_ME_1","int","8","0","0","GebME1",""
"7025","Gebinde ME 2","ID_GEBINDE_ME_2","int","8","0","0","GebME2",""
"7026","Gebinde ME 3","ID_GEBINDE_ME_3","int","8","0","0","GebME3",""
"7027","Gebinde ME 4","ID_GEBINDE_ME_4","int","8","0","0","GebME4",""
"7028","INTRA_I_JAHR","ID_INTRA_I_JAHR","int","4","0","0","Intra",""
"7050","Nachhaltigkeit Status","ID_NH_STATUS","int","8","0","3","NH Status",""
"7051","Nachhaltigkeit Herkunft","ID_NH_HERKUNFT","int","8","0","3","NH Herkunft",""
"7052","Nachhaltigkeit Herkunft THG","ID_NH_HERKUNFTTHG","int","10","0","3","NH Herkunft THG",""
"7053","Nachhaltigkeit Anbau THG","ID_NH_ANBAUTHG","double","15","2","3","NH Anbau THG",""
"7054","Nachhaltigkeit Lieferung THG","ID_NH_LIEFERUNGTHG","double","15","2","3","NH Lieferung THG",""
"7055","Nachhaltigkeit Verarbeitung THG","ID_NH_VERARBEITUNGTHG","double","15","2","3","NH Verarbeitung THG",""
"7056","Nachhaltigkeit Allokationsfaktor THG","ID_NH_ALLOKATIONSFAKTORTHG","double","15","2","3","NH Allokationsfaktor",""
"7057","Nachhaltigkeit Konversionsfaktor THG","ID_NH_KONVERSIONSFAKTORTHG","double","15","2","3","NH Konversionsfaktor",""
"7058","Nachhaltigkeit Zertifikat Herkunft","ID_NH_ZERTIFIKATHERKUNFT","int","10","0","3","NH Zertifikat Herkun",""
"7059","Nachhaltigkeit Zertifikatnummer","ID_NH_ZERTIFIKATNUMMER","int","10","0","3","NH Zertifikatnummer",""
"7060","Nachhaltigkeit Zertifikatmethode","ID_NH_ZERTIFIKATMETHODE","int","10","0","3","NH Zertifikatmethode",""
"7061","Nachhaltigkeit Zertifikatbemerkung","ID_NH_ZERTIFIKATBEMERKUNG","string","255","0","0","NH Zertifikatbemerku",""
"7062","Nachhaltigkeit Anbauland Region","ID_NH_ANBAULAND_REGION","int","8","0","3","NH Anbauland Region",""
"7063","Nachhaltigkeit Zertifikat Ident","ID_NH_ZERTIFIKATIDENT","int","10","0","3","NH Zertifikat IDENT",""
"7064","Nachhaltigkeit Massebilanznummer","ID_NH_MASSEBILANZ_NUMMER","","8","0","3","NH Massebilanznummer",""
"7065","Nachhaltigkeit Massebilanz Masse Abgang","ID_NH_MASSEBILANZ_MASSEABGANG","double","15","2","3","NH Masse Abgang",""
"7066","Nachhaltigkeit Massebilanz Masse Zugang","ID_NH_MASSEBILANZ_MASSEZUGANG","double","15","2","3","NH Masse Zugang",""
"7067","Nachhaltigkeit Anbauland Herkunft","ID_NH_ANBAULAND_HERKUNFT","int","8","0","3","NH AnbaulandHerkunft",""
"7068","Nachhaltigkeit Herkunft Text","ID_NH_HERKUNFT_TEXT","string","255","0","0","NH Herkunft Text",""
"7069","Nachhaltigkeit Herkunft THG Text","ID_NH_HERKUNFTTHG_TEXT","string","255","0","0","NH Herkufnt THG Text",""
"7070","Nachhaltigkeit Zertifikat Herkunft Text","ID_NH_ZERTIFIKATHERKUNFT_TEXT","string","255","0","0","NH ZertHerkunft Text",""
"7071","Nachhaltigkeit Zertifikatnummer Text","ID_NH_ZERTIFIKATNUMMER_TEXT","string","255","0","0","NH ZertifNummer Text",""
"7072","Nachhaltigkeit Zertifikatmethode Text","ID_NH_ZERTIFIKATMETHODE_TEXT","string","255","0","0","NH ZertiMethode Text",""
"7073","Nachhaltigkeit Status Text","ID_NH_STATUS_TEXT","string","255","0","0","NH Status Text",""
"7074","Nachhaltigkeit Anbaulandherkunft Text","ID_NH_ANBAULAND_HERKUNFT_TEXT","string","255","0","0","NH Anbauherkunf Text",""
"7075","Nachhaltigkeit Texte Label","ID_NH_TEXTE_LABEL","","255","0","0","NHTEXT Label",""
"7076","Nachhaltigkeit Texte Text1","ID_NH_TEXTE_TEXT1","string","255","0","0","NHTEXT Text1",""
"7077","Nachhaltigkeit Texte Text2","ID_NH_TEXTE_TEXT2","string","255","0","0","NHTEXT Text2",""
"7078","Nachhaltigkeit Texte Text3","ID_NH_TEXTE_TEXT3","string","255","0","0","NHTEXT Text3",""
"7079","Nachhaltigkeit Texte Text4","ID_NH_TEXTE_TEXT4","string","255","0","0","NHTEXT Text4",""
"7080","Nachhaltigkeit Texte Text5","ID_NH_TEXTE_TEXT5","string","255","0","0","NHTEXT Text5",""
"7081","Nachhaltigkeit Texte Zertifikat BLE","ID_NH_TEXTE_ZERTIFIKAT_BLE","string","255","0","0","NHTEXT ZertifikatBLE",""
"7082","Nachhaltigkeit Anbaulandbezeichnung","ID_NH_ANBAULAND_BEZEICHNUNG","string","255","0","0","NH Anbaubezeichnung",""
"7083","Nachhaltigkeit NUTS Nummer","ID_NH_ANBAULAND_NUTSNUMMER","string","255","0","0","NH Anbau Nuts Nummer",""
"7084","Nachhaltigkeit Gesamt THG","ID_NH_GESAMTTHG","double","15","2","3","NH Gesamt THG",""
"7085","ID_NH_NACHMASSEBILANZFEST","ID_NH_NACHMASSEBILANZFEST","short","4","0","3","NACHMASSEBILANZFEST","Gibt an, ob eine Position in einer festgeschriebenen Massebilanz ist."
"7100","GUID der Warenposition, des Vorgangs o.ä","ID_GUID","","0","0","4","",""
"8001","Adresse","ID_KKD_ADRESSE","string","256","0","10","Adresse","Identifikation der Adresse des Kunden. Nur für PersonenkontenAdresse"
"8002","Bedienerid","ID_KKD_BEDIENERID","int","15","0","10","BedienerId","Bedienerid des Anlegers"
"8003","Bis Periode","ID_KKD_BISPERIODE","int","15","0","10","bisPeriode","Bis Periode"
"8004","Druckdatum","ID_KKD_DRUCKDATUM","DateTime","10","0","12","Druckdatum","Tagesdatum"
"8005","Fälligersaldo","ID_KKD_FAELLIGERSALDO","double","20","2","12","FaelligerSaldo","Fälliger Saldo"
"8006","Habenalt","ID_KKD_HABENALT","double","20","2","12","Habenalt","Habenbetrag des Vorgänger-Kontenblattes"
"8007","Habenneu","ID_KKD_HABENNEU","double","20","2","12","Habenneu","Neuer Sollbetrag"
"8008","Habensummer","ID_KKD_HABENSUMME","double","20","2","12","Habensumme","Habenneu- Habenalt"
"8009","Haben des Vorjahres","ID_KKD_HABENVJ","double","20","2","12","HabenVj","Haben des letzten Kontoblattes des Vorjahres"
"8010","Haben des Vorjahres in Periode","ID_KKD_HABENVJPER","short","8","0","10","HabenVjPer","Haben des Vorjahres in Abhängigkeit einer Periode"
"8011","Jahrnummer","ID_KKD_JAHRNUMMER","int","15","0","10","JahrNummer","Jahrnummer"
"8012","Kontoblattzähler ab Datum alt","ID_KKD_KONBLZAEABDATUMALT","DateTime","10","0","12","KonBlZaeAbDatumAlt","Abgrenzungsdatum des Vorgänger KontoBlattes"
"8013","Kontoblattzähler bis Datum alt","ID_KKD_KONBLZAEBISDATUMALT","DateTime","10","0","12","KonBlZaeBisDatumAlt","Kontoblattzähler bis Datum alt"
"8014","Kontoblatt zähler alt","ID_KKD_KONBLZAEDATUMALT","DateTime","10","0","12","KonBlZaeDatumAlt","Abgrenzungsdatum des Vorgönger KontoBlattes"
"8015","Kontoblattbezichnung","ID_KKD_KONTOBLBEZEICH","string","256","0","10","KontoBlBezeich","Bezeichnung, die beim Erstellen des Kontoblattes erfasst wurde"
"8016","Kontoblatt Abgrenzungsdatum","ID_KKD_KONTOBLBISDATUM","DateTime","10","0","12","KontoBlBisDatum","Abgrenzungsdatum"
"8017","Kontoblattdatum","ID_KKD_KONTOBLDATUM","DateTime","10","0","12","KontoBlDatum","Erstelldatum des KontoBlattes"
"8018","Kontoblattstatus","ID_KKD_KONTOBLSTATUS","short","8","0","10","KontoBlStatus","Status des Kontoblattes"
"8019","Nummer des aktuellen Kontoblattes","ID_KKD_KONTOBLZAEHLER","int","15","0","10","KontoBlZaehler","Nummer des aktuellen Kontoblattes"
"8020","Kontonummer","ID_KKD_KONTONUMMER","int","15","0","10","KontoNummer","Kontonummer"
"8021","Mandant","ID_KKD_MANDANT","string","256","0","10","MANDANT","Bezeichnung des aktuellen Mandanten"
"8022","Maximaleseite","ID_KKD_MAXSEITE","int","15","0","10","MaxSeite","Nur versorgt, wenn das Formular nur die Bereiche 600,602,603 und 609 hat."
"8023","Periodenbezeichnung","ID_KKD_PERIBEZEICH","string","256","0","10","PeriBezeich","Bezeichnung der  Abi-Periode"
"8024","Periodenbezeichnung bis","ID_KKD_PERIBEZEICHBIS","string","256","0","10","PeriBezeichBis","Periodenbezeichnung von"
"8025","Periodenbezeichnung von","ID_KKD_PERIBEZEICHVON","string","256","0","10","PeriBezeichVon","Bezeichnung der Von-Periode"
"8026","Periodennummer","ID_KKD_PERINUMMER","int","15","0","10","PeriNummer","Bis-Periode"
"8027","Rechnungsnummer","ID_KKD_RECHNUMMER","int","15","0","10","RechNummer","Rechnungsnummer, jedoch nur bei KOKORE"
"8028","Saldo","ID_KKD_SALDO","double","20","2","11","Saldo","Sollsumme - Habensumme"
"8029","Altessaldo","ID_KKD_SALDOALT","double","20","2","11","SaldoAlt","Sollalt ? Habenalt"
"8030","Saldo Haben alt","ID_KKD_SALDOALTHABEN","double","20","2","11","SaldoAltHaben","Alter Saldo Haben"
"8031","Saldo Soll alt","ID_KKD_SALDOALTSOLL","double","20","2","11","SaldoAltSoll","Alter Saldo Soll"
"8032","Saldo der Eröffnungsperiode","ID_KKD_SALDOEB","double","20","2","11","SaldoEB","Saldo der Eröffnungsperiode ( nur in Bereich 600 und 609)"
"8033","Saldo neu","ID_KKD_SALDONEU","double","20","2","11","SaldoNeu","SollNeu-habenNeu"
"8034","Saldo Haben neu","ID_KKD_SALDONEUHABEN","double","20","2","11","SaldoNeuHaben","Neues haben im Saldo"
"8035","Saldo Soll neu","ID_KKD_SALDONEUSOLL","double","20","2","11","SaldoNeuSoll","Saldo Soll neu"
"8036","Saldo im Vorjahr","ID_KKD_SALDOVJ","double","20","2","11","SaldoVj","SollVj & HabenVj"
"8037","Saldo des VJ in Abhängigkeit Periode","ID_KKD_SALDOVJPER","double","20","2","11","SaldoVjPer","Saldo des Vorjahres in Abhängigkeit der Periode"
"8038","Gewährtesskonto","ID_KKD_SKONTOGEWAEHRT","double","20","2","11","SkontoGewaehrt","Skonto gewährt"
"8039","Gezogenesskonto","ID_KKD_SKONTOGEZOGEN","double","20","2","11","SkontoGezogen","Skonto gezogen"
"8040","Sollbetrag des Vorgänger-Kontenblattes","ID_KKD_SOLLALT","double","20","2","11","Sollalt","Sollbetrag des Vorgänger-Kontenblattes"
"8041","Soll neu","ID_KKD_SOLLNEU","double","20","2","11","Sollneu","Solll neu"
"8042","Sollsumme","ID_KKD_SOLLSUMME","double","20","2","11","Sollsumme","Soll neu- Soll alt"
"8043","Soll des Kontenblattes im Vorjahr","ID_KKD_SOLLVJ","double","20","2","11","SollVj","Soll des letzten Kontoblattes des Vorjahres"
"8044","Soll im VJ in Abhängigkeit der Periode","ID_KKD_SOLLVJPER","short","8","0","10","SollVjPer","Soll des Vorjahres in Abhängigkeit der Periode"
"8045","Umsatz des Einkaufs","ID_KKD_UMSATZEK","double","20","2","11","UmsatzEK","Umsatz des Einkaufs"
"8046","Umsatz des Verkaufs","ID_KKD_UMSATZVK","double","20","2","11","UmsatzVK","Umsatz des Verkaufs"
"8047","Textkürzel des Bedieners","ID_KKD_USER","string","20","0","10","USER","Textkürzel des Bedieners"
"8048","Umsatzsteuerkennzeichen","ID_KKD_USTKENNZEICHEN","string","40","0","10","USTKENNZEICHEN","Umsatzsteuerkennzeichen"
"8049","von Periode","ID_KKD_VONPERIODE","int","15","0","10","vonPeriode","Von Periode"
"8050","Wechsel Obligo","ID_KKD_WECHSEL_OBLIGO","double","20","2","11","WECHSEL_OBLIGO","Wechsel Obligo"
"8051","Wechsel Obligo","ID_KKD_WECHSELOBLIGO","double","20","2","11","WechselObligo","Wechsel Obligo"
"8052","Stichtag des Wechsels","ID_KKD_WECHSELSTICHTAG","DateTime","10","0","12","WechselStichTag","Stichtag des Wechsels"
"8053","Werbetext","ID_KKD_WERBETEXT","string","256","0","10","WerbeText","Werbetext"
"8054","Bezeichnung der debitdorischen Zahlart","ID_KKD_ZAHLARTBEZ_DEBIT","string","256","0","10","ZAHLARTBEZ_DEBIT","Bezeichnung der debitdorischen Zahlart"
"8055","Bezeichnung der kreditdorischen Zahlart","ID_KKD_ZAHLARTBEZ_KREDIT","string","256","0","10","ZAHLARTBEZ_KREDIT","Bezeichnung der kreditdorischen Zahlart"
"8056","Nummer der debitdorischen Zahlart","ID_KKD_ZAHLARTID_DEBIT","int","15","0","10","ZAHLARTID_DEBIT","Nummer der debitdorischen Zahlart"
"8057","Nummer der kreditdorischen Zahlart","ID_KKD_ZAHLARTID_KREDIT","int","15","0","10","ZAHLARTID_KREDIT","Nummer der kreditdorischen Zahlart"
"8058","Zahlungsausgang","ID_KKD_ZAHLUNGSAUSGANG","double","20","2","11","ZahlungsAusgang","Zahlungsausgang"
"8059","Zahlungseingang","ID_KKD_ZAHLUNGSEINGANG","double","20","2","11","ZahlungsEingang","Zahlungseingang"
"8060","Artikelnummer","ID_KKD_ARTIKELNUMMER","string","40","0","10","ARTIKELNUMMER","Artikelnummer"
"8061","Artikeltext","ID_KKD_ARTTEXT","string","256","0","10","ARTTEXT","Artikeltext"
"8062","Bezeichnung","ID_KKD_BEZEICHNUNG","string","256","0","10","BEZEICHNUNG","Bezeichnung"
"8063","Brutto","ID_KKD_BRUTTO","double","20","2","11","BRUTTO","Brutto"
"8064","Brutto haben","ID_KKD_BRUTTOHABEN","double","20","2","11","BRUTTOHABEN","Brutto Haben"
"8065","Brutto soll","ID_KKD_BRUTTOSOLL","double","20","2","11","BRUTTOSOLL","Brutto Soll"
"8066","Preiseinheitszeichen","ID_KKD_EZHT","string","256","0","10","EZHT","Preiseinheitszeichen"
"8067","Vorgangsklasse der Fibu","ID_KKD_FIBUV_KLASSE","int","15","0","10","FiBuV_Klasse","Vorgangsklasse der Fibu"
"8068","Vorgangsklassenbezeichnung der Fibu","ID_KKD_FIBUV_KLBEZEICH","string","256","0","10","FiBuV_KlBezeich","Vorgangsklassenbezeichnung der Fibu"
"8069","Kurzbezeichnung der Vklasse in der Fibu","ID_KKD_FIBUV_KLKURZBEZ","string","256","0","10","FiBuV_KlKurzBez","Kurzbezeichnung der Vorgangsklasse in der Fibu"
"8070","Nettobetrag","ID_KKD_FIBUVP_BETRAG","double","20","2","11","FiBuVP_Betrag","Nettobetrag"
"8071","Steuer","ID_KKD_FIBUVP_STEUWERT","double","20","2","11","FiBuVP_SteuWert","Steuer"
"8072","Belegtext, wie in der Fibu hinterlegt","ID_KKD_FIBUVP_TEXT","string","256","0","10","FiBuVP_Text","Belegtext, wie in der Fibu hinterlegt"
"8073","Gebinde","ID_KKD_GEBINDE","double","20","2","11","GEBINDE","Gebinde"
"8074","Die Gegenkontonummer","ID_KKD_GEGENKONTO","int","15","0","10","GegenKonto","Die Gegenkontonummer"
"8075","Bezeichnung der Gegenkontonummer","ID_KKD_GEGENKONTOBEZEICH","string","256","0","10","GegenKontoBezeich","Bezeichnung der Gegenkontonummer"
"8076","Gesamtkonto","ID_KKD_GESAMTSKONTO","double","20","2","11","GESAMTSKONTO","Das Gesamtkonto"
"8077","Haben","ID_KKD_HABEN","double","20","2","11","HABEN","Das Haben"
"8078","Habenbetrag","ID_KKD_HABENBETRAG","double","20","2","11","Habenbetrag","Der Haben Betrag"
"8079","Forderung im Haben sonst leer","ID_KKD_HABENFBETRAG","double","20","2","11","HabenFBetrag","Bei Personenkonten Forderung im Haben sonst leer"
"8080","Habenkostenstelle","ID_KKD_HABENKST","int","15","0","10","Habenkst","Kostenstelle des Habens"
"8081","Habensteuer","ID_KKD_HABENSTEUER","double","20","2","11","Habensteuer","Habensteuer"
"8082","Steuersatz","ID_KKD_STEUERSATZ","double","20","2","11","Steuersatz","Der Steuersatz"
"8083","Verbindlichkeiten im Haben sonst leer","ID_KKD_HABENVBETRAG","double","20","2","11","HabenVBetrag","Bei Personenkonten Verbindlichkeiten im Haben sonst leer"
"8084","Kontobezeichnung","ID_KKD_KONTOBEZEICH","string","256","0","10","KontoBezeich","Die Kontobezeichnung"
"8085","Kontenerlös","ID_KKD_KONTONRERLOES","int","15","0","10","KONTONRERLOES","Der Kontenerlös"
"8087","Kontraktid","ID_KKD_KONTRAKTID","int","15","0","10","KONTRAKTID","Die Kontraktid"
"8088","Kontrakt Abdatum","ID_KKD_KTRABDATUM","DateTime","10","0","12","KTRABDATUM","Das Kontrakt Abdatum"
"8089","Kontraktbezeichnung","ID_KKD_KTRBEZEICH","string","256","0","10","KTRBEZEICH","Die Kontraktbezeichnung"
"8090","Kontrakt Bisdatum","ID_KKD_KTRBISDATUM","DateTime","10","0","12","KTRBISDATUM","Das Kontrakt Bisdatum"
"8091","Kontrakt Fixdatum","ID_KKD_KTRBISDATUMFIX","DateTime","10","0","12","KTRBISDATUMFIX","Das Kontrakt Fixdatum"
"8092","Kontraktdatum","ID_KKD_KTRDATUM","DateTime","10","0","12","KTRDATUM","Das Kontraktdatum"
"8093","Kontraktgesamtmenge","ID_KKD_KTRGESAMTMENGE","double","20","2","11","KTRGESAMTMENGE","Die Gesamtmenge des Kontraktes"
"8094","Kontraktgesamtwert","ID_KKD_KTRGESAMTWERT","double","20","2","11","KTRGESAMTWERT","Der Gesamtwert des Kontraktes"
"8095","Kontraktgruppenid","ID_KKD_KTRGRUPID","int","15","0","10","KTRGRUPID","Die Kontraktgruppenid"
"8096","Kontraktklasse","ID_KKD_KTRKLASSE","int","15","0","10","KTRKLASSE","Die Klasse des Kontraktes"
"8097","Die Kurzbezeichnung der Kontraktmenge","ID_KKD_KTRMEKURZ","string","256","0","10","KTRMEKURZ","Die Kurzbezeichnung der Mengeneinheit des Kontraktes"
"8098","Kontraktmengeneinheit","ID_KKD_KTRMENGENEINHEIT","string","256","0","10","KTRMENGENEINHEIT","Die Kontraktmengeneinheit"
"8099","Kontraktnummer","ID_KKD_KTRNUMMER","int","15","0","10","KTRNUMMER","Die Kontraktnummer"
"8100","Kontraktreferenznummer","ID_KKD_KTRREFERENZNR","string","40","0","10","KTRREFERENZNR","Die Kontrakt Referenz Nummer"
"8101","Kontraktrestmenge","ID_KKD_KTRRESTMENGE","double","20","2","11","KTRRESTMENGE","Die Restmenge des Kontraktes"
"8102","Totalekontraktrestmenge","ID_KKD_KTRRESTMENGETOTAL","double","20","2","11","KTRRESTMENGETOTAL","Die Totale Restmenge des Kontraktes"
"8103","Kontraktrestwert","ID_KKD_KTRRESTWERT","double","20","2","11","KTRRESTWERT","Der Kontraktrestwert"
"8104","Totalerkontraktrestwert","ID_KKD_KTRRESTWERTTOTAL","double","20","2","11","KTRRESTWERTTOTAL","Der Totale Restwert des Kontraktes"
"8105","Die Kontrakt Anzahl der Vorauszeiträume","ID_KKD_KTRVORAUSANZAHL","int","15","0","10","KTRVORAUSANZAHL","Die Kontraktvorausanzahl"
"8106","Lagernummer","ID_KKD_LAGERNUMMER","int","15","0","10","LAGERNUMMER","Die Lagernummer"
"8107","Lagerplatz","ID_KKD_LAGERPLATZ","int","15","0","10","LAGERPLATZ","Der Lagerplatz"
"8108","Lieferdatum","ID_KKD_LIEFDAT","DateTime","10","0","12","LIEFDAT","Das Lieferdatum"
"8109","Liefernummer","ID_KKD_LIEFNUMMER","string","20","0","10","LIEFNUMMER","Die Liefernummer"
"8110","Die Bezeichnung der Mengeneinheit","ID_KKD_ME_TEXT","string","256","0","10","ME_TEXT","Der Mengeneinheitsnummer als Text"
"8111","Die Bezeichnung der Preismengeneinheit","ID_KKD_ME_TEXTPREIS","string","256","0","10","ME_TEXTPREIS","Der Mengeneinheitsnummer des Preises als Text"
"8112","Menge","ID_KKD_MENGE","double","20","2","11","MENGE","Die Menge"
"8113","Netto","ID_KKD_NETTO","double","20","2","11","NETTO","Das Netto"
"8114","Nettohaben","ID_KKD_NETTOHABEN","double","20","2","11","NETTOHABEN","Das Nettohaben"
"8115","Nettosoll","ID_KKD_NETTOSOLL","double","20","2","11","NETTOSOLL","Das Nettosoll"
"8116","Partiebezeichnung","ID_KKD_PARTIEBEZEICH","string","256","0","10","PARTIEBEZEICH","Die Partiebezeichnung"
"8117","Matchcode der Partie","ID_KKD_PARTIEMATCH","string","256","0","10","PARTIEMATCH","Der Matchcode einer Partie"
"8118","Partienummer","ID_KKD_PARTIENUMMER","int","20","0","10","PARTIENUMMER","Die Partienummer"
"8119","Preis","ID_KKD_PREIS","double","20","2","11","PREIS","Der Preis"
"8120","Preiseinheit","ID_KKD_PREISEINHEIT","double","20","2","11","PREISEINHEIT","Die Preiseinheit des Preises"
"8121","Preis ohne Zu- und Abschläge","ID_KKD_PREISNACKT","double","20","2","11","PREISNACKT","Der Preis ohne zu oder Abschläge"
"8122","Rechnungsdatum","ID_KKD_RECHDAT","DateTime","10","0","12","RECHDAT","Das Rechnungsdatum"
"8123","Rechnungsnummer","ID_KKD_RECHNUNGSNUMMER","string","20","0","10","RECHNUNGSNUMMER","Die Rechnungsnummer"
"8124","Anlieferungsdatum der Rohware","ID_KKD_ROHWAREANLIEFDATUM","DateTime","10","0","12","RohWareAnliefDatum","Das Anlieferungsdatum eines Rohwarenbeleges"
"8125","Anlieferungsnummer der Rohware","ID_KKD_ROHWAREANLIEFNUMMER","string","20","0","10","RohWareAnliefNummer","Die Anlieferungsnummer eines Rohwarenbeleges"
"8126","Belegdatum des Rohwarenbeleges","ID_KKD_ROHWAREBELEGDATUM","DateTime","10","0","12","RohWareBelegDatum","Das Belegdatum eines Rohwarenbeleges"
"8127","BelegnummerdesRohwarenbeleges","ID_KKD_ROHWAREBELEGNUMMER","int","15","0","10","RohWareBelegNummer","Die Rohwarenbelegnummer"
"8128","Rohwareninfo","ID_KKD_ROHWAREINFO","string","256","0","10","RohWareInfo","Rohware Info"
"8129","Rohwarensorte","ID_KKD_ROHWARESORTE","string","20","0","10","RohWareSorte","Rohwarensorte"
"8130","Rohwarewiegenummer","ID_KKD_ROHWAREWIEGENUMMER","string","20","0","10","RohWareWiegeNummer","Die Wiegenummer eines Rohwarenbeleges"
"8131","Rohwarenpreis","ID_KKD_RPREIS","double","20","2","11","RPREIS","Preis des Rohwarenbeleges"
"8132","Soll","ID_KKD_SOLL","double","20","2","11","SOLL","Soll"
"8133","Betrag, wenn soll sonst leer","ID_KKD_SOLLBETRAG","double","20","2","11","Sollbetrag","Betrag, wenn soll sonst leer"
"8134","Forderungen im Soll sonst leer","ID_KKD_SOLLFBETRAG","double","20","2","11","SollFBetrag","Bei Personenkonten Forderungen im Soll sonst leer"
"8135","Kostenstelle, wenn Betrag im Soll sonstl","ID_KKD_SOLLKST","double","20","2","11","Sollkst","Kostenstelle, wenn Betrag im Soll sonst leer"
"8136","Steuer wenn Betrag im Soll, sonst leer","ID_KKD_SOLLSTEUER","double","20","2","11","Sollsteuer","Steuer wenn Betrag im Soll, sonst leer"
"8138","Verbindlichkeiten im Soll sonst leer","ID_KKD_SOLLVBETRAG","double","20","2","11","SollVBetrag","Bei Personenkonten Verbindlichkeiten im Soll sonst leer"
"8139","Steuernetto","ID_KKD_ST_NETTO","double","20","2","11","ST_NETTO","Steuernetto"
"8140","Steuersatz","ID_KKD_ST_SATZ","double","20","2","11","ST_SATZ","Steuersatz"
"8141","Steuerskonto","ID_KKD_ST_SKONTO","double","20","2","11","ST_SKONTO","Steuerskonto"
"8142","Steuer","ID_KKD_ST_STEUER","double","20","2","11","ST_STEUER","Steuer"
"8143","Steuer","ID_KKD_STEUER","double","20","2","11","STEUER","Die Steuer"
"8144","Steuergruppennummer","ID_KKD_STEUERGRNUMMER","int","15","0","10","SteuerGrNummer","Die Steuergruppe.  Diese gehört zur Klasse,Gruppe,Schlüssel, Abdatum-kombination, aus der der verw"
"8145","Steuerbetrag wenn Haben sonst leer","ID_KKD_STEUERHABEN","double","20","2","11","STEUERHABEN","Steuerbetrag wenn Haben sonst leer"
"8146","Steuerklasse","ID_KKD_STEUERKLASSE","short","8","0","10","SteuerKlasse","Die Steuerklasse. Diese gehört zur Klasse,Gruppe,Schlüssel, Abdatum-kombination, aus der der verwe"
"8147","Steuerklassenbezeichnung","ID_KKD_STEUERKLBEZEICH","string","256","0","10","SteuerKlBezeich","Bezeichnung der Steuerklasse"
"8148","Brutto oder Nettokenzeichen","ID_KKD_STEUERKLNETKENNZ","string","256","0","10","SteuerKlNetKennz","Wurde der Betrag Netto oder Brutto erfasst? Netto = 1"
"8149","Steuersatz","ID_KKD_STEUERSATZGR","double","20","2","11","STEUERSATZ","Der Steuersatz."
"8150","Steuersatzerwerb","ID_KKD_STEUERSATZERWERB","double","20","2","11","SteuerSatzErwerb","Steuersatz bei  Innergemeinschaftlichem Erwerb"
"8151","Steuerschlüssel","ID_KKD_STEUERSCHLUESSEL","short","8","0","10","STEUERSCHLUESSEL","Der Steuerschlüssel. Diese gehört zur Klasse,Gruppe,Schlüssel, Abdatum-kombination, aus der der v"
"8152","Steuersoll","ID_KKD_STEUERSOLL","double","20","2","11","STEUERSOLL","Steuerbetrag wenn Soll sonst leer"
"8153","Steuerwerterwerb","ID_KKD_STEUERWERTERWERB","double","20","2","11","SteuerWertErwerb","Steuerbetrag bei innergemeinschaftlichem Erwerb"
"8154","Typtext","ID_KKD_TYPTEXT","string","256","0","10","TYPTEXT","""Typ Text: """"Finanzbewegungen"""", """"Wareneinkauf"""", """"Warenverkauf"""""""
"8155","Typtext Variante","ID_KKD_TYPTEXTVAR","string","256","0","10","TYPTEXTVAR","Wie  TypText, nur sind diese Texte unter OPTIONEN hinterlegt"
"8156","Valutadatum","ID_KKD_VALUTADATUM","DateTime","10","0","12","VALUTADATUM","Valutadatum"
"8157","Warenbewegungsid","ID_KKD_WABEWID","int","20","0","10","WABEWID","Warenbewegungsid"
"8158","Währungsbezeichnung","ID_KKD_WAEHRBEZEICH","string","256","0","10","WaehrBezeich","Währungsbezeichnung"
"8159","Wiegenummer","ID_KKD_WIEGENUMMER","int","15","0","10","WIEGENUMMER","Wiegenummer"
"8160","Zahlungsbedingung1","ID_KKD_ZAHLBEDINGUNGZ1","string","256","0","10","Zahlungsbedingung1","Zahlungsbedingungstext"
"8161","Zahlungsbedingung2","ID_KKD_ZAHLBEDINGUNGZ2","string","256","0","10","Zahlungsbedingung2","Zahlungsbedingung 2"
"8162","Zahlungsbedingung3","ID_KKD_ZAHLBEDINGUNGZ3","string","256","0","10","Zahlungsbedingung3","Zahlungsbedingung 3"
"8163","Zahlungsbedingung4","ID_KKD_ZAHLBEDINGUNGZ4","string","256","0","10","Zahlungsbedingung4","Zahlungsbedingung 4"
"8164","FibuvorgangsId","ID_KKD_FIBUV_ID","int","15","0","10","FibuvorgangsId","Fibu Vorgangsid"
"8165","Fibu Positionszähler","ID_KKD_FIBUV_POSZAEHLER","int","15","0","10","Fibuvorgangszähler","Fibu Positionszähler"
"8166","Buchtyp der Finanzbuchhaltung","ID_KKD_FIBUVP_BUCHTYP","int","15","0","10","Fibuvorgansgposition","Buchtyp der Finanzbuchhaltung"
"8167","Zahlungsbedingungsnummer","ID_KKD_ZAHLBEDNUMMER","int","15","0","10","Zahlungsbedingungsnu","Zahlungsbedingungsnummer"
"8168","Kostenstellennummer","ID_KKD_KOSTSTELNUMMER","int","15","0","10","Kostenstellennummer","Kostenstellennummer"
"8170","Steuerabdatum","ID_KKD_STEUERABDATUM","DateTime","10","0","12","Steuerabdatum","Diese gehört zur Klasse,Gruppe,Schlüssel, Abdatum-kombination, aus der der verwendete Steuersatz b"
"8171","Kontonummer Skonto","ID_KKD_KONTONUMMERSKO","int","15","0","10","Kontonummer Skonto","Die Skonto Kontonummer"
"8172","Soll Haben in der Fibuvorgangsposition","ID_KKD_FIBUVP_SOLLHABEN","short","8","0","10","FibuVorgangPosition","Soll Haben in der Fibuvorgangsposition"
"8173","Nettokennzeichen","ID_KKD_FIBUVP_NETKENNZ","short","8","0","10","Nettokennzeichen","Nettokennzeichen in der Fibuvorgangsposition"
"8174","Betrag","ID_KKD_FIBUVPW_BETRAG","double","20","2","11","Betrag","Nettobetrag in der Fibuvorgangsposition"
"8175","Steuersatz","ID_KKD_FIBUVP_STEUSATZ","double","20","2","11","Steuersatz","Steuersatz in der Fibuvorgangsposition"
"8176","Steuerform","ID_KKD_FIBUVP_STEUFORM","short","8","0","10","Steuerform","Steuerform in der Fibuvorgangsposition"
"8177","Steuerwert","ID_KKD_FIBUVPW_STEUWERT","double","20","2","11","Steuerwert","Steuerwert  in der Fibuvorgangsposition"
"8178","Steuermanuell Kenzeichen","ID_KKD_FIBUVP_STMANKENN","short","8","0","10","FIBUVP_STMANKENN","Wurde die Steuer manuell angepasst, so steht hier eine 1"
"8179","Skontofehlbetrag","ID_KKD_FIBUVP_SKFBETRAG","double","20","2","11","Skontofehlbetrag","******** WIRD NICHT VERWENDET"
"8180","Skontobetrag","ID_KKD_FIBUVP_SKOBETRAG","double","20","2","11","Skontobetrag","Skontobetrag  in der Fibuvorgangsposition"
"8181","Skontosatz","ID_KKD_FIBUVP_SKOSATZ","double","20","2","11","Skontosatz","Skontosatz  in der Fibuvorgangsposition"
"8182","Waren Skontobetrag","ID_KKD_FIBUVPW_SKOBETRAG","double","20","2","11","Warenskontobetrag","Skontobetrag in Fremdwährung"
"8183","Forderungsbetrag  in der Fibuvorgangspos","ID_KKD_FIBUVP_FORDBETR","double","20","2","11","FIBUVP_FORDBETR","Forderungsbetrag  in der Fibuvorgangsposition"
"8184","Sollhabenkennz. des Forderungsbetrags","ID_KKD_FIBUVP_FORDBETSH","short","8","0","10","FIBUVP_FORDBETSH","Sollhabenkennzeichen des Forderungsbetrags"
"8185","Verbindlichkeitsbetrag","ID_KKD_FIBUVP_VERBBETR","double","20","2","11","FIBUVP_VERBBETR","Verbindlichkeitsbetrag"
"8186","Sollhaben  des Verbindlichkeitsbetrags","ID_KKD_FIBUVP_VERBBETSH","short","8","0","10","FIBUVP_VERBBETSH","Sollhabenkennzeichen des Verbindlichkeitsbetrags"
"8187","Valutadatum in der Fibuvorgangsposition","ID_KKD_FIBUVP_VALDATUM","DateTime","10","0","12","VALUTADATUM","Valutadatum in der Fibuvorgangsposition"
"8188","Textfolge","ID_KKD_FIBUVP_TEXTFOLGE","short","8","0","10","Textfolge","Textfolge in der Fibuvorgangsposition"
"8189","Auszahlungskennzeichen","ID_KKD_FIBUVP_AUSZKENNZ","int","15","0","10","Auszahlungskennzeich","Auszifferungskennzeichen in der Fibuvorgangsposition"
"8190","Auszahlungsdatum","ID_KKD_FIBUVP_AUSZDATUM","DateTime","10","0","12","Auszahlungsdatum","Auszifferungsdatum in der Fibuvorgangsposition"
"8191","Zinsstatus","ID_KKD_FIBUVP_ZINSSTAT","short","8","0","10","Zinsstatus","Zinsstatus: 0=Nicht zu verzinsen, 1=zu verzinsen, gröÃ¡er 1 bedeutet in Zinsrechnung verwendet"
"8192","Kontokennzeichen","ID_KKD_FIBUVP_KONTKENNZ","short","8","0","10","Kontokennzeichen","Kontokennzeichen in der Fibuvorgangsposition"
"8193","OP Kennzeichen","ID_KKD_FIBUVP_OP_KENNZ","short","8","0","10","OP Kennzeichen","OP Kennzeichen in der Fibuvorgangsposition"
"8194","FIBUVP_BWA_KENNZ","ID_KKD_FIBUVP_BWA_KENNZ","short","8","0","10","FIBUVP_BWA_KENNZ","******** WIRD NICHT VERWENDET"
"8195","Journalstatus","ID_KKD_FIBUVP_JOUSTATUS","short","8","0","10","Journalstatus","Journalstatus  in der Fibuvorgangsposition"
"8196","Datum  in der Fibuvorgangsposition","ID_KKD_FIBUV_DATUM","DateTime","10","0","12","FibuVorgangsdatum","Vorgangsdatum  in der Fibuvorgangsposition"
"8197","Numkreisnummer","ID_KKD_NUMKREISNUMMER","int","15","0","10","Numkreisnummer","Nummernkreisnummer"
"8198","Nummer des Vorgangs in der Fibu","ID_KKD_FIBUV_NUMNUMMER","int","15","0","10","Fibuvorgangsnumnumme","Numerische Nummer des Vorgangs in der Fibu"
"8199","Nummer des Vorgangs in der Fibu","ID_KKD_FIBUV_NUMMER","string","256","0","10","Fibuvorgangsnummer","Nummer des Vorgangs in der Fibu"
"8200","Fremdnummer des Vorgangs in der Fibu","ID_KKD_FIBUV_FREMDNR","string","256","0","10","Fibufremdnummer","Fremdnummer des Vorgangs in der Fibu"
"8201","Filialnummer Filiale","ID_KKD_FILIALNUMMERFIL","int","15","0","10","Filialnummerfiliale","Fililalnummer der Filiale"
"8202","Filialnummer Zentrale","ID_KKD_FILIALNUMMERZEN","int","15","0","10","Filialnummerzentrale","Fililalnummer der Zentrale"
"8203","Währungsnummer","ID_KKD_WAEHRNUMMER","short","8","0","10","Währungsnummer","Währungsnummer"
"8204","Bedienerid des Anlegers","ID_KKD_BEDIENERIDNEU","int","15","0","10","Bedieneridneu","Bedienerid des Anlegers"
"8205","Bedienerid des Belegkorrigierer","ID_KKD_BEDIENERIDKORR","int","15","0","10","Bedieneridkorrektur","Bedienerid des Belegkorrigierer"
"8206","Bedienerid des Buchers","ID_KKD_BEDIENERIDBUCH","int","15","0","10","Bedieneridbuchung","Bedienerid des Buchers"
"8207","Zahlartid","ID_KKD_ZAHLARTID","int","15","0","10","Zahlart","Zahlartid"
"8208","Währungskurs in der Fibuvorgangsposition","ID_KKD_FIBUVPW_KURS","short","8","0","10","FIBUVPW_KURS","Währungskurs in der Fibuvorgangsposition"
"8209","Erfassungsdatum","ID_KKD_FIBUV_ERFDATUM","DateTime","10","0","12","Erfassungsdatum","Erfassungsdatum"
"8210","Buchungsstatus","ID_KKD_FIBUV_BUCHSTAT","short","8","0","10","Buchungsstatus","Buchungsstatus"
"8211","Herkunftstyp","ID_KKD_FIBUV_HERKTYP","short","8","0","10","Herkunftstyp","Herkunftstyp"
"8212","FIBUV_ERFUPFEHLT","ID_KKD_FIBUV_ERFUPFEHLT","short","8","0","10","FIBUV_ERFUPFEHLT","******** WIRD NICHT VERWENDET"
"8213","Kostenstellenbezeichnung","ID_KKD_KOSTSTELBEZEICH","string","256","0","10","Kostenstellenbezeich","Kostenstellenbezeichnung"
"8214","Journalnummer","ID_KKD_FIBUJOURNUMMER","int","15","0","10","Journalnummer","Journalnummer"
"8215","Journalzeile","ID_KKD_FIBUJOURZEILE","int","15","0","10","Journalzeile","Journalzeile"
"8216","Steuersatzfremd","ID_KKD_STEUERSATZFREMD","string","256","0","10","Steuersatzfremd","Steuersatzfremd"
"8217","Umsatzsteuer Einkauf neu","ID_KKD_UMSATZEKNEU","double","20","2","11","Umsatzeinkauf neu","Umsatzsteuer Einkauf neu"
"8218","Umsatzsteuer Einkauf alt","ID_KKD_UMSATZVKNEU","double","20","2","11","Umsatzverkauf neu","Umsatzsteuer Einkauf alt"
"8219","Zahlungseingang neu","ID_KKD_ZAHLUNGSEINGANGNEU","double","20","2","11","Zahlungseingang neu","Zahlungseingang neu"
"8220","Zahlungsausgang neu","ID_KKD_ZAHLUNGSAUSGANGNEU","double","20","2","11","Zahlungsausgang neu","Zahlungsausgang neu"
"8221","Skontogezogen neu","ID_KKD_SKONTOGEZOGENNEU","double","20","2","11","Skontogezogen neu","Skontogezogen neu"
"8222","Skontogewährt neu","ID_KKD_SKONTOGEWAEHRTNEU","double","20","2","11","Skontogewährt neu","Skontogewährt neu"
"8223","Kontoblattzähler bis Datum","ID_KKD_KONBLZAEBISDATUM","DateTime","10","0","12","Kontoblattzähler bis","Kontoblattzähler bis Datum"
"8224","Kontoblattzähler ab Datum","ID_KKD_KONBLZAEABDATUM","DateTime","10","0","12","Kontoblattzähler ab","Kontoblattzähler ab Datum"
"8225","Kontoblatt ab Datum","ID_KKD_KONTOBLABDATUM","DateTime","10","0","12","Kontoblatt ab Datum","Kontoblatt ab Datum"
"8226","Umsatz Einkauf alt","ID_KKD_UMSATZEKALT","double","20","2","11","Umsatz Einkauf alt","Umsatz im Einkauf alt"
"8227","Umsatz Verkauf alt","ID_KKD_UMSATZVKALT","double","20","2","11","Umsatz Verkauf alt","Umsatz im Verkauf alt"
"8228","Zahlungseingang alt","ID_KKD_ZAHLUNGSEINGANGALT","double","20","2","11","Zahlungseingang alt","Zahlungseingang alt"
"8229","Zahlungsausgang alt","ID_KKD_ZAHLUNGSAUSGANGALT","double","20","2","11","Zahlungsausgang alt","Zahlungsausgang alt"
"8230","Skontogezogen alt","ID_KKD_SKONTOGEZOGENALT","double","20","2","11","Skontogezogen alt","Skontogezogen alt"
"8231","Skontogewährt alt","ID_KKD_SKONTOGEWAEHRTALT","double","20","2","11","Skontogewährt alt","Skontgezogen neu"
"8232","Umsatz des Einkaufs im Vorjahr","ID_KKD_UMSATZEKVJ","double","20","2","11","Umsatz Einkauf Vorja","Umsatz des Einkaufs im Vorjahr"
"8233","Umsatz des Verkaufes im Vorjahr","ID_KKD_UMSATZVKVJ","double","20","2","11","Umsatz Verkauf Vorja","Umsatz des Verkaufes im Vorjahr"
"8234","Zahlungseingang des Vorjahres","ID_KKD_ZAHLUNGSEINGANGVJ","double","20","2","11","Zahlungseingang Vorj","Zahlungseingang des Vorjahres"
"8235","Zahlungsausgang des Vorjahres","ID_KKD_ZAHLUNGSAUSGANGVJ","double","20","2","11","Zahlungsausgang Vorj","Zahlungsausgang des Vorjahres"
"8236","Gewährter Skonto des Vorjahres","ID_KKD_SKONTOGEWAEHRTVJ","double","20","2","11","Skontogezogen Vorjah","Gewährter Skonto des Vorjahres"
"8237","Gezogener Skonto des Vorjahres","ID_KKD_SKONTOGEZOGENVJ","double","20","2","11","Skontogewährt Vorjah","Gezogener Skonto des Vorjahres"
"8238","Kontotyp","ID_KKD_KONTOTYP","short","8","0","10","Kontotyp","""1=SachKonto 2=Personenkonto"""
"8239","Hauptadresse","ID_KKD_ADRESSIDHAUPTADR","int","15","0","10","Hauptadresse","Identifikation der Adress des Kunden. Nur für PersonenkontenAdresse S.o."
"8240","Kundnummer","ID_KKD_KUNDNUMMER","int","15","0","10","Kundnummer","Kundennummer"
"8241","Kundennummer","ID_KKD_KUNDENNUMMER","int","15","0","10","Kundennummer","Kundennummer"
"8242","Kundgegennummer","ID_KKD_KUNDGEGENNUMMER","string","256","0","10","Kundgegennummer","Gegennummer des Kunden"
"8243","Vertretergruppennummer","ID_KKD_VERTGRNUMMER","int","15","0","10","Vertretergruppennumm","Nummer der Vertretergruppe dieses Kunden"
"8244","Einkommensteuernummer","ID_KKD_EINKOMMENSTEUERNUMMER","string","256","0","10","Einkommensteuernumme","Einkommensteuernummer des Kunden /Lieferanten / Kontokorrenten"
"8245","Mitgliedsnummer","ID_KKD_MITGLNUMMER","int","15","0","10","Mitgliedsnummer","Mitgliedsnummer"
"8246","Vertretergruppenbezeichnung","ID_KKD_VERTGRBEZEICH","string","256","0","10","Vertretergruppenbeze","Bezeichnung der Vertretergruppe"
"8247","Wechsel Obligo","ID_KKD_WECHSELOBLIGOSH","short","8","0","10","WECHSELOBLIGOSH","Wechsel Obligo"
"8248","Soll Haben","ID_KKD_SH","short","8","0","10","SH","Sollhaben Kennteichen des Saldos (S oder H )"
"8249","Soll Haben alt","ID_KKD_SHALT","short","8","0","10","SH alt","Sollhabenkennzeichen des SaldoAlts ( S oder H )"
"8250","Soll Haben neu","ID_KKD_SHNEU","short","8","0","10","SH neu","Sollhabenkennzeichen des SaldoNeus ( S oder H )"
"8251","Soll Haben des Vorjahres","ID_KKD_SHVJ","short","8","0","10","SHVJ","Sollhabenkennzeichen des SaldoVJs ( S oder H )"
"8252","Sollhaben der Eröffnungsperiode","ID_KKD_SALDOEBSH","short","8","0","10","SALDOEBSH","Sollhaben der Eröffnungsperiode ( nur in Bereich 600 und 609)"
"8253","Fälligersaldo","ID_KKD_FAELLIGERSALDOSH","short","8","0","10","FälligerSaldo","Fälliger Saldo"
"8254","SH des VJ in Abhängigkeit der Periode","ID_KKD_SHVJPER","short","8","0","10","SHVJPER","Soll Haben des Vorjahres in Abhängigkeit der Periode"
"8255","Skonto fähig","ID_KKD_ST_SKONTO_F","double","20","2","11","ST_SKONTO_F","Skonto"
"8256","Steuerschlüssel","ID_KKD_STEUERSCHLUESSELGR","short","8","0","10","Steuerschlüssel","Der Steuerschlüssel. Diese gehört zur Klasse,Gruppe,Schlüssel, Abdatum-kombination, aus der der v"
"8257","Informationsblock laut Formulartyp 210","ID_FIBU_INFO","string","80","0","5","Fibu Info","Fibu Bildschirm-Information"
"8258","Menge oder Gebinde Zugang","ID_MENGE_ODER_GEBINDE_ZUG","double","15","0","0","me_ge_zug","nur Intern"
"8259","Menge oder Gebinde Abgang","ID_MENGE_ODER_GEBINDE_ABG","double","15","0","0","me_geb_abg","nur intern"
"8260","Bruttobetrag nach Abzug von Skonto","ID_BRUTTO_MINUS_SKONTO","","0","0","0","ID_BRUTTO_MINUS_SKON",""
"8261","Ausprägungsbezeichnung per JPP Anlage","ID_AUSPR_BEZEICH","string","15","0","0","Ausprägungs Bezeich","nur intern"
"8262","Ausprägungskurzbezeich per JPP Anlage","ID_AUSPR_KURZBEZEICH","string","255","0","0","Ausprägungs Kurzbez","nur intern"
"8263","Lege neue Ausprägung per JPP an","ID_CREATE_AUSPRAEGUNG","int","15","0","0","Ausprägungs anlage","nur intern"
"8264","Ausprägungssuchtyp 0 Norma1 1 Predigie","ID_AUSPR_SUCHTYP","short","4","0","0","Ausprägungssuchtyp","Ausprägungssuchtyp 0 Norma1 1 Predigie"
"8265","Seitennummer Folgeseite","ID_FOLGE_SEITE","int","15","0","4","Folgeseite",""
"8266","Durchgehendes Plandatum","ID_V_DURCHGEHENDES_PLANDATUM","DateTime","10","0","0","Durchgehendesdatum",""
"8267","Compliance-Status des Vorgangs","ID_COMPLIANCE","int","0","0","0","Compliance Status",""
"8268","Eingangsdatum","ID_V_DATUMEINGANG","DateTime","0","0","0","Eingangsdatum",""
"8269","ZahnungsReferenz","ID_ZAHLUNGSREFERENZ","string","144","0","0","ZahnungsReferenz","Zahlungsreferenz für FiBu"
"8270","Offene Posten aus der Fibu","ID_OFFENE_POSTEN","double","15","0","3","ID_OFFENE_POSTEN","Offene Posten des Kunden"
"8271","Teildispozeile mit Stornozeile","ID_TEILDISPOMITSTO","short","8","0","4","Teildispo mit Storno",""
"8272","Invoice_Id aus XRechnung","ID_XREINVOICEID","int","0","0","4","XRe_Invoice_id","InvoiceId der XRechnung nur intern"
"8273","EC-Karten-Beleg Text","ID_EC_TEXT","string","40","0","5","EC_TEXT","Muss mit bis zu 40 Zeilen mit fortlaufendem Parameter eingerichtet werden"
"8274","Kassenseriennummer","ID_KASSENSERIENNO","","255","0","0","KassenSerienNummer",""
"8275","xRechnung PositionsId","ID_XRE_INVLINEID","int","20","0","0","xRechnungPositionsId","nur intern"
"8276","Vorgang ansehen","ID_VORG_ANSEHEN","short","0","0","4","Vorgang Ansehen","ist 1, wenn der Vorgang zum Ansehen geöffnet wurde"
"8277","Beleg ohne Rabatt,Zu/Abschlag,Fracht","ID_OHNEZUABRABFRA","short","1","0","4","RabZuAbFraSupp","Beleg ohne Rabatt,Zu/Abschlag,Fracht"
"8278","Gültig Bis","ID_GUELTIGBIS","DateTime","12","0","0","Gueltig Bis","Gültigkeitsdatum"
"9998","Modus setzen/getten für diverse Situatio","ID_MODUS","int","8","0","0","modus","Nur für internen Gebrauch"
"9999","undefinierte Aufgabe, techn. Platzhalter","ID_DUMMY","int","10","0","0","Dummy Code",""
